ward,type,location_no_dash,year,est_cost,lat,long,query
43,Street Resurfacing Menu,1-20 E BANKS ST,2021,13606.915,41.90676331600008,-87.62867005799995,census
33,Miscellaneous-CDOT,100 tree grates on Kedzie Ave,2006,186000,41.9241386,-87.7071964,google
34,Alley Resurfacing Menu,100- 134 W 111 TH ST,2016,7769.115,41.692548077000026,-87.62661576099998,census
5,Sidewalk Menu,1001 E 53 RD ST,2021,2900.155,41.79940013700008,-87.60123908199995,census
44,Alley Resurfacing Menu,1002 WDIVERSEY PKWY,2021,3367.96,41.9328853,-87.6541799,google
9,Miscellaneous CDOT Projects,10048 S MICHIGAN AVE,2022,187.5,41.71148600400005,-87.61999136799994,census
10,Sidewalk Menu,10254 S AVENUE G,2021,7252.28,41.70874648400007,-87.53166610199997,census
26,Street Speed Hump Menu,1045 NSACRAMENTO AVE,2021,1175,41.9007907,-87.7015545,google
10,POD Camera,104th AVE & S M AVE,2007,36000,41.7027492,-87.5377098,google
9,Bollard Menu,10557 DR. MARTIN LUTHER KING JR. DR,2008,714,41.701995,-87.613296,google
43,Sidewalk Menu,1056 W ARMITAGE AVE,2021,3430.79,41.91808294400005,-87.65543090799997,census
44,Miscellaneous Other,108 signs will be posted in the designated areas of the ward,2013,10497,41.8914528,-87.6273439,google
4,3 LPR No POD Cameras: 101 W Ida B Wells; 110 E Roosevelt Rd; 600 S State St,110 E ROOSEVELT RD,2021,27410,41.86754192700005,-87.62379352099998,census
9,Sidewalk Menu,11040 S INDIANA AVE,2022,11533.455,41.693902525000055,-87.61828101999998,census
26,Sidewalk Menu,1111 N FRANCISCO AVE,2021,2847.95,41.90130734500008,-87.69930568899997,census
26,Sidewalk Menu,1130 N FRANCISCO AVE,2021,2847.95,41.901537174000055,-87.69932612699995,census
19,POD Camera,11300 S Hermosa,2007,12000,41.68907428600005,-87.66828198199994,census
44,Alley Apron Menu,1142 W OAKDALE AVE,2022,18813.92,41.93531137900004,-87.65718471199995,census
44,Alley Apron Menu,1143 W GEORGE ST,2022,41172.68,41.93438470800004,-87.65794265299996,census
2,Curb & Gutter Menu,115 W CHICAGOAVE,2022,10184.52,41.8963217,-87.6319807,google
34,Alley Resurfacing Menu,117 th St - 117 th Pl - Lowe - Wallace,2012,2762,41.6813358,-87.619847,google
9,Miscellaneous CDOT Projects,11919 S MICHIGANAVE,2022,187.5,41.677304,-87.620146,google
34,Alley Resurfacing Menu,12222 S BISHOP ST,2022,27478.875,41.67160519500004,-87.65754501499998,census
37,Sidewalk Menu,1234 N LAMON AVE,2021,10538.345,41.90327427600005,-87.74844740299994,census
32,Miscellaneous-CDOT,1300 block of W. Altgeld,2010,49300,41.9275538,-87.6607368,google
26,Alley Resurfacing Menu,1300 N ARTESIANAVE,2022,22075.835,41.9049718,-87.6886019,google
2,2 POD Cameras: 2000 W Chicago Ave; 1300 N Cleveland,1300 N CLEVELAND AVE,2021,24776,41.90573744200003,-87.64085832499995,census
49,Miscellaneous Other,1300 W ALBION AVE,2015,6000,42.002453743000046,-87.66364494499999,census
25,POD Camera,1301 S Heath,2007,24000,41.86473199400007,-87.68435161199994,census
49,Alley Resurfacing Menu,1309 W ARTHUR AVE,2022,34720.455,42.000400797000054,-87.66366306099997,census
29,Miscellaneous CDOT Projects,132 N WALLER AVE,2022,125,41.88302476500007,-87.76822094699997,census
29,Alley Resurfacing Menu,1324 N CENTRALAVE,2022,18001.14,41.904717,-87.7660513,google
10,Sidewalk Menu,13316 S AVENUE K,2021,4050.94,41.65326443400005,-87.53503878099997,census
49,Miscellaneous Other,1335 W COLUMBIA AVE,2015,6000,42.00447164500008,-87.66470121599997,census
44,Alley Apron Menu,1343 W WAVELAND AVE,2022,16907.375,41.948903923000046,-87.66298744099998,census
43,POD Camera,1350 N Wells,2008,24000,41.90718944400004,-87.63459556699996,census
9,Miscellaneous-CDOT,137 - 141 E 114 th Place (parkway),2010,41,41.6860772,-87.6193128,google
26,Alley Resurfacing Menu,1400 N KARLOV AVE,2022,24739.38,41.90629269200008,-87.72886331799998,census
26,Alley Resurfacing Menu,1400 NCENTRAL PARK AVE,2022,23051.98,41.9064972,-87.7170019,google
29,Street Resurfacing Menu,1400 NPARKSIDE AVE,2022,1340.87,41.905732,-87.7669915,google
48,Speed Indicator Signs,1416 WFOSTER AVE,2021,5500,41.976502,-87.665467,google
26,Sidewalk Menu,1456 N SPRINGFIELD AVE,2022,3742.22666666667,41.90732668000004,-87.72401591699997,census
29,Alley Resurfacing Menu,1457 N MASON AVE,2022,18976.075,41.90666101800008,-87.77429339699995,census
28,Street Light Upgrade Menu,147 S WHIPPLE ST,2021,625,41.87859922600006,-87.70237498199998,census
17,Alley Apron Menu,1500 W 74 TH ST,2022,8617.77666666667,41.759478976000025,-87.66213252899996,census
49,Alley Resurfacing Menu,1500 W PRATTBLVD,2022,18793.085,42.005579,-87.6680236,google
49,Alley Resurfacing Menu,1500 WFARWELL AVE,2022,24325.755,42.0067985,-87.6683072,google
26,Alley Resurfacing Menu,1501 N KARLOV AVE,2021,18594.74,41.90809082800007,-87.72890513899995,census
26,Alley Resurfacing Menu,1501 N KARLOV AVE,2022,2960.665,41.90809082800007,-87.72890513899995,census
26,Alley Resurfacing Menu,1501 NSPRINGFIELD AVE,2022,25872.175,41.9082291,-87.7237456,google
47,Speed Indicator Signs,1511 W IRVINGPARK RD,2022,985.096666666667,41.95430156400005,-87.66777189899994,census
32,Alley Apron Menu,1544 W BARRY AVE,2021,15881.71,41.93788149300008,-87.66726343299996,census
24,Miscellaneous-CDOT,16 th St. at Spaulding Ave,2009,1200,41.9389721,-87.7100495,google
43,Alley Resurfacing Menu,1600 N HALSTED ST,2022,26311.91,41.91172191600003,-87.64830260099995,census
49,Miscellaneous Other,1600 W Birchwood Ave,2013,3228,42.0178417,-87.6706624,google
49,Alley Resurfacing Menu,1600 W LUNT AVE,2022,14447.975,42.00905349000004,-87.67013505099999,census
24,Miscellaneous CDOT Projects,1608 S TRUMBULL AVE,2022,150,41.85880997800007,-87.71155153599994,census
24,Miscellaneous CDOT Projects,1610 S TRUMBULL AVE,2022,150,41.85879442400005,-87.71155119799994,census
8,Alley Speed Hump Menu,1614 E 83 RD PL,2021,350,41.74331668000008,-87.58434834999997,census
12,Alley Resurfacing Menu,1614 W 33 RD ST,2021,7005.23,41.834177820000036,-87.66628417299995,census
26,Alley Resurfacing Menu,1615 N KEYSTONEAVE,2021,30151.565,41.9105902,-87.7273711,google
26,Alley Resurfacing Menu,1615 N LOWELL AVE,2021,25154.14,41.910544379000044,-87.73488885799998,census
29,Alley Resurfacing Menu,1645 N OAKPARK AVE,2021,21679.305,41.91012148800007,-87.79481555999996,census
26,Alley Resurfacing Menu,1700 NPULASKI RD,2021,16466.03,41.911813,-87.7266698,google
15,Alley Resurfacing Menu,1714 W 47 TH ST,2022,25913.175,41.808582426000044,-87.66804060999993,census
34,Miscellaneous Other,1720 w Montvale,2012,955,41.68813494600005,-87.66483239099995,census
49,Miscellaneous Other,1780 W LUNT AVE,2015,6000,42.008962207000025,-87.67577701499994,census
49,Miscellaneous Other,1781 W LUNT AVE,2015,6000,42.00896453900003,-87.67497166999999,census
25,Miscellaneous Other,18 th Street,2013,69300,41.8575972,-87.6809008,google
40,Emerson; Green Briar; Gross; Mather Park - Basketball Court Upgrades; Green Briar; River Park - Pickleball Striping,1820 W GRANVILLE AVE,2022,40000,41.9946123,-87.6763356,google
3,Speed Indicator Signs,1829 S STATE ST,2022,5500,41.49954452500003,-87.61617136399997,census
29,Alley Resurfacing Menu,1837 NNATOMA AVE,2022,22075.835,41.9138129,-87.7909663,google
1,Alley Resurfacing Menu,1900 N MOZARTST,2022,12807.105,41.9157861,-87.6984587,google
29,Alley Resurfacing Menu,1900 N OAKPARK AVE,2022,21333.83,41.91459429400004,-87.79496712299994,census
1,Alley Resurfacing Menu,1927 W RACE AVE,2021,18755.92,41.89157040100008,-87.67522415899998,census
25,Miscellaneous CDOT Projects,1942 S MAY ST,2021,660,41.85571581900007,-87.65478921799996,census
43,Alley Resurfacing Menu,1944 N MAUD AVE,2022,5892.83,41.91671992600004,-87.65607738699998,census
1,2 LPR on Existing Cameras: 1933 N Milwaukee; 1955 N Damen,1955 N DAMEN AVE,2021,10971,41.91734010000005,-87.67759870999998,census
28,Street Light Upgrade Menu,201 S WHIPPLE ST,2021,625,41.87835422200004,-87.70236982399996,census
25,Miscellaneous CDOT Projects,2030 S BLUE ISLAND AVE,2022,660,41.854668669000034,-87.66388763199996,census
3,Alley Resurfacing Menu,2036,2020,10976.615,NA,NA,google
49,Alley Resurfacing Menu,2050 W BIRCHWOODAVE,2022,29439.1,42.0181208,-87.6825002,google
29,Sidewalk Menu,2056 N NEVA AVE,2022,12616.335,41.91743791300007,-87.80421654899999,census
43,POD Camera,2100 N Howe,2008,24000,41.9200491,-87.644717,google
36,Sidewalk Menu,2105 N MERRIMAC AVE,2021,7650.61,41.91857531100004,-87.78162120999997,census
43,Alley Resurfacing Menu,2113 N CLIFTONAVE,2022,18228.34,41.9203493,-87.6568264,google
36,Sidewalk Menu,2186 N MERRIMAC AVE,2021,7650.61,41.92041440000003,-87.78169241299997,census
36,Alley Apron Menu,2201 N NATCHEZ AVE,2021,11380.155,41.92005379100004,-87.78777513699998,census
36,Sidewalk Menu,2203 N MOBILE AVE,2022,15306.275,41.92070116600007,-87.78290882799996,census
36,Alley Resurfacing Menu,2208 N MERRIMAC AVE,2021,10935.67,41.92095149100004,-87.78170863899999,census
36,Sidewalk Menu,2215 N MOBILE AVE,2021,3973.18,41.92078303200003,-87.78291138599997,census
32,Alley Resurfacing Menu,2219 N SEELEY AVE,2021,9633.46333333333,41.921854351000036,-87.67899418199994,census
36,Alley Resurfacing Menu,2235 N KEATINGAVE,2022,23096.295,41.9217192,-87.7447465,google
36,Sidewalk Menu,2245 N KEATING AVE,2021,3881.74333333333,41.92143800900004,-87.74500523799998,census
36,Sidewalk Menu,2246 N KEATING AVE,2021,3881.74333333333,41.921469115000036,-87.74502065899998,census
22,Alley Resurfacing Menu,2257 S DRAKE AVE,2022,15529.735,41.85037919300004,-87.71372925099996,census
2,Sidewalk Menu,230 ELAKE SHORE DR,2021,10623.155,41.9006338,-87.6211458,google
36,Sidewalk Menu,2300 N OAK PARK AVE,2022,1720.038,41.92126749500005,-87.79517538099998,census
31,Alley Resurfacing Menu,2300 N TRIPP AVE,2022,27015.33,41.92268739700006,-87.73284086599995,census
32,Alley Resurfacing Menu,2300 W NELSON ST,2021,14557.45,41.936756176000074,-87.68560950999995,census
36,Sidewalk Menu,2312 N OAK PARK AVE,2022,1720.038,41.921573376000026,-87.79518314599994,census
31,Floodlight Menu,2314 N LOCKWOOD AVE,2022,950,41.92252587200005,-87.75856263299994,census
36,Sidewalk Menu,2350 N OAK PARK AVE,2022,1720.038,41.92250087800005,-87.79521382499996,census
24,Miscellaneous-BOE,24 th Ward DSS office-1817 S Pulaski,2007,31850,41.85645,-87.7245389,google
28,Alley Speed Hump Menu,240- 268 N HAMLIN BLVD,2016,1400,41.88464765900005,-87.72091035799997,census
33,Street Speed Hump Menu,2400 W FLETCHER ST,2022,1175,41.938516820000075,-87.68877532499994,census
31,Street Light Upgrade Menu,2415 N LOTUS AVE,2022,500,41.92476032800005,-87.76231413699998,census
7,Street Light Upgrade Menu,2424 E 103 RD ST,2021,500,41.70809546000004,-87.56537080299995,census
31,Street Light Upgrade Menu,2434 N LOTUS AVE,2022,500,41.92499434300004,-87.76233713799996,census
47,Street Light Upgrade Menu,2447 W CUYLER AVE,2021,500,41.95509541000007,-87.67846433199998,census
31,Street Light Upgrade Menu,2457 N LOTUS AVE,2022,500,41.92525236900008,-87.76233172199994,census
31,Street Light Upgrade Menu,2458 N LOTUS AVE,2022,500,41.92527548900006,-87.76234734299999,census
26,Miscellaneous - Paseo Boriqua Medalli,2459 W Division,2005,8250,41.90299583700005,-87.68879862199998,census
31,Street Resurfacing Menu,2500 N LARAMIE AVE,2021,7252.48375,41.926038755000036,-87.75622266899995,census
14,Sidewalk Menu,2503 W 50 TH ST,2022,2067.95,41.80292907200004,-87.68690649399997,census
30,Sidewalk Menu,2519 N MANGO AVE,2022,5770.555,41.92617775100007,-87.76970716899996,census
31,Street Light Upgrade Menu,2524 N LARAMIE AVE,2021,750,41.92674310700005,-87.75624749799994,census
43,In-Road State Law Stop For Pedestrians Sign Menu,2530 N CLARK ST,2022,175,41.928560557000026,-87.64225311799999,census
28,Sidewalk Menu,2534 W LEXINGTON ST,2021,20374.675,41.872041575000026,-87.68980914699995,census
31,Street Light Upgrade Menu,2556 N LARAMIE AVE,2021,750,41.92724611500006,-87.75626831399995,census
31,Street Light Upgrade Menu,2557 N LOCKWOOD AVE,2021,750,41.92734383100003,-87.75871665899996,census
26,Alley Resurfacing Menu,2600 WEVERGREEN AVE,2021,20045.37,41.9057027,-87.6920373,google
26,Alley Speed Hump Menu,2606 W DIVISIONST,2021,1400,41.9031848,-87.6923378,google
10,Sidewalk Menu,2617 E 108 TH ST,2021,1455.29666666667,41.699146564000046,-87.56062557499996,census
11,Concrete Alley Menu,2628 S THROOP ST,2021,33500,41.84517888600004,-87.65557950299996,census
30,Sidewalk Menu,2629 N MANGO AVE,2022,4471.96333333333,41.92816227000003,-87.76977663899999,census
30,Sidewalk Menu,2635 N MANGO AVE,2022,4471.96333333333,41.928256128000044,-87.76977974399995,census
40,Emerson; Green Briar; Gross; Mather Park - Basketball Court Upgrades; Green Briar; River Park - Pickleball Striping,2650 W PETERSON AVE,2022,40000,41.99047072500008,-87.69584398899997,census
43,In-Road State Law Stop For Pedestrians Sign Menu,2717 N CLARK ST,2022,350,41.93176199000004,-87.64451013099995,census
36,Sidewalk Menu,2723 N RUTHERFORD AVE,2022,3716.2325,41.929567803000054,-87.79419389099996,census
31,Street Resurfacing Menu,2724 N RIDGEWAY AVE,2021,7252.48375,41.93044824300006,-87.72082314799997,census
36,Sidewalk Menu,2726 NRUTHERFORD AVE,2022,3716.2325,41.9299529,-87.7944965,google
26,Miscellaneous - Paseo Boriqua Medalli,2733 W Division,2005,8250,41.902931195000065,-87.69562568699996,census
26,Miscellaneous - Paseo Boriqua Medalli,2739 W Division,2005,8250,41.90292927400003,-87.69582732499998,census
36,Sidewalk Menu,2744 N OAK PARK AVE,2022,4271.835,41.92989780000005,-87.79544280799996,census
43,Alley Resurfacing Menu,2748 NMILDRED AVE,2022,24217.74,41.9322937,-87.6516418,google
36,Sidewalk Menu,2749 N RUTHERFORD AVE,2022,3716.2325,41.92997453400005,-87.79420585299994,census
22,Alley Apron Menu,2800 SMILLARD AVE,2022,10223.4,41.8405557,-87.7161778,google
22,Sidewalk Menu,2800 SRIDGEWAY AVE,2022,5740.82,41.840509,-87.718611,google
31,Alley Resurfacing Menu,2813 N KOSTNERAVE,2022,23782.625,41.9321688,-87.7367988,google
44,Alley Resurfacing Menu,2817 NCLARK ST,2021,4736.0575,41.9334738,-87.6450851,google
12,Alley Apron Menu,2817 W 40 TH ST,2021,8111.32,41.820997557000055,-87.69561087699998,census
31,Street Light Upgrade Menu,2821 N LONG AVE,2022,500,41.932106807000025,-87.76134942099998,census
31,Street Light Upgrade Menu,2825 N LONG AVE,2022,500,41.932161791000055,-87.76135181199999,census
11,Street Speed Hump Menu,2830 S LOCK ST,2021,1175,41.84157976100005,-87.66248551099994,census
18,Speed Indicator Signs,2832 W 83 RD ST,2021,12500,41.74264254900004,-87.69377761399994,census
31,Street Light Upgrade Menu,2845 N LONG AVE,2022,500,41.932484199000044,-87.76136565599995,census
44,Alley Resurfacing Menu,2848 NSHEFFIELD AVE,2021,14166.11,41.9340672,-87.654194,google
36,Sidewalk Menu,2850 N NEW ENGLAND AVE,2021,4581.94,41.93200553100007,-87.79795604399999,census
11,Street Light Upgrade Menu,2855 S HILLOCKAVE,2022,4833.33333333333,41.842811,-87.6610174,google
11,Street Light Upgrade Menu,2879 S HILLOCK AVE,2022,4833.33333333333,41.84282995400008,-87.66146753899994,census
36,Concrete Alley Menu,2900 NNEWCASTLE AVE,2022,4561.14,41.9328242,-87.7970607,google
31,Alley Resurfacing Menu,2901 N KILPATRICK AVE,2021,16176.27,41.93353703200006,-87.74421176799996,census
14,Sidewalk Menu,2924 W 55 TH ST,2021,4924.675,41.79363692700008,-87.69721473599998,census
31,Street Resurfacing Menu,2930 N PARKSIDE AVE,2021,7252.48375,41.93370454300003,-87.76755034099995,census
31,Sidewalk Menu,2938 N KEATING AVE,2022,5588.01,41.93411508200006,-87.74543338799998,census
11,Street Light Upgrade Menu,2955 S UNION AVE,2021,500,41.840731076000054,-87.64390905699997,census
31,Street Light Upgrade Menu,2959 N LONG AVE,2022,500,41.93463663400007,-87.76144378099997,census
26,Miscellaneous-BOE,3 KING FESTIVAL,2006,85000,41.8912096,-87.745966,google
15,Sidewalk Menu,3000 W 47 TH ST,2021,27521.68,41.808207407000054,-87.69918869199995,census
31,Alley Resurfacing Menu,3001 N LINDER AVE,2022,20670.305,41.93510880200006,-87.76391328899996,census
11,Alley Speed Hump Menu,3001 S CANAL ST,2022,466.666666666667,41.83986835300004,-87.63778875599996,census
33,Miscellaneous CDOT Projects,3001 W IRVING PARK RD,2022,2600,41.95394712400008,-87.70322481899996,census
36,Concrete Alley Menu,3007 NNEW ENGLAND AVE,2021,20268.9,41.9347867,-87.7977634,google
31,Street Light Upgrade Menu,3010 N LAVERGNE AVE,2021,750,41.93547046100008,-87.75166700299997,census
44,Alley Apron Menu,3014 N CLIFTON AVE,2021,9603.075,41.93696040900005,-87.65765822599997,census
31,Street Resurfacing Menu,3016 N PARKSIDE AVE,2021,7252.48375,41.93530972100007,-87.76760648699997,census
28,Street Light Upgrade Menu,3023 W FIFTH AVE,2021,500,41.87949618600004,-87.70196821899998,census
36,Sidewalk Menu,3024 N NEWCASTLE AVE,2021,2809.58,41.93502975700005,-87.79683108599994,census
36,Miscellaneous CDOT,3030 N MOBILE AVE,2015,16666.6666666667,41.935833,-87.7834044,google
31,Street Light Upgrade Menu,3038 N CENTRAL AVE,2021,750,41.93568321300006,-87.76640167299996,census
31,Street Light Upgrade Menu,3058 N CENTRAL AVE,2021,750,41.93600257400004,-87.76641337099994,census
31,Street Resurfacing Menu,3108 N LOCKWOOD AVE,2021,7252.48375,41.93702286800004,-87.75907491199996,census
29,Street Light Upgrade Menu,3108 N SAYRE AVE,2021,250,41.936704863000045,-87.80117867499996,census
12,2 LPR on Existing Cameras: 1586 W 33rd St; 3109 S Archer Ave,3109 S ARCHER AVE,2021,10971,41.83750864600006,-87.66601992899996,census
44,Alley Apron Menu,3114 N CLIFTON AVE,2021,8447.15,41.93831690800005,-87.65770281799996,census
31,Street Light Upgrade Menu,3116 N LOTUS AVE,2021,750,41.93709718500003,-87.76277448999997,census
31,Street Light Upgrade Menu,3122 N CENTRAL AVE,2021,500,41.937292038000066,-87.76645862899994,census
44,Alley Apron Menu,3147 N CAMBRIDGE AVE,2021,5994.52,41.939100187000065,-87.64314813699997,census
22,Sidewalk Menu,3201 SKEDVALE AVE,2022,5683.31,41.8349028,-87.7276701,google
31,Street Light Upgrade Menu,3237 N LAVERGNE AVE,2021,750,41.93985708300005,-87.75181633599999,census
28,Sidewalk Menu,324 S LEAMINGTON AVE,2021,7993.305,41.875953131000074,-87.75339503199996,census
11,Alley Resurfacing Menu,3242 S CANAL ST,2021,19374.915,41.835535622000066,-87.63769547199996,census
36,Alley Resurfacing Menu,3258 N NORMANDY AVE,2021,9387.26666666667,41.93944452900007,-87.79330852799995,census
22,Street Bump Outs Menu,3259 S PULASKI RD,2022,8962.43,41.83402065700005,-87.72427922699995,census
11,Alley Resurfacing Menu,329 W 24 TH PL,2021,8599.44,41.84819374500006,-87.63575172599997,census
31,Street Light Upgrade Menu,3303 N LAMON AVE,2021,750,41.94072270100003,-87.74938678899997,census
31,Street Light Upgrade Menu,3305 N LAVERGNE AVE,2021,750,41.94075559400005,-87.75184036599995,census
36,Curb & Gutter Menu,3307 N NEWLAND AVE,2021,3924.855,41.94016835200006,-87.79946427399994,census
39,Eugene Fields and Hollywood Parks Tennis Courts Rehabilitation,3312 W THORNDALE AVE,2022,32500,41.988487692000035,-87.71220324699999,census
26,Alley Resurfacing Menu,3400 WEVERGREEN AVE,2021,19547.65,41.9057875,-87.7119419,google
12,Street Light Upgrade Menu,3401 W 38 TH ST,2021,500,41.824324223000076,-87.70944936999996,census
26,Alley Resurfacing Menu,3410 W PIERCE AVE,2021,18468.11,41.909133680000025,-87.71228685299997,census
36,Miscellaneous CDOT,3425 N MAJOR AVE,2015,16666.6666666667,41.942783785000074,-87.76907455099996,census
11,Concrete Alley Menu,3439 S LOWE AVE,2021,47483.35,41.83232819400007,-87.64247799199995,census
11,Concrete Alley Menu,3439 S LOWE AVE,2022,143017,41.83232819400007,-87.64247799199995,census
31,Speed Indicator Signs,3451 N LARAMIE AVE,2022,6192.80333333333,41.94377437000003,-87.75684332499998,census
44,Sidewalk Menu,3478 N CLARK ST,2021,24712.62,41.945253852000064,-87.65495194999994,census
25,POD Camera,348 W 24 thPl,2007,24000,41.8481874,-87.6365591,google
26,Alley Resurfacing Menu,3500 W ARMITAGEAVE,2022,16728.465,41.9175273,-87.7137128,google
26,Alley Resurfacing Menu,3501 W LEMOYNE ST,2022,39467.915,41.908193555000025,-87.71449369399994,census
30,Sidewalk Menu,3504 N KILPATRICK AVE,2022,4204.4575,41.944822980000026,-87.74394750299996,census
30,Sidewalk Menu,3505 N KILPATRICK AVE,2022,4204.4575,41.944823203000055,-87.74393276499995,census
44,Alley Apron Menu,3515 N LAKEWOOD AVE,2021,6039.24,41.94577574200008,-87.661550568999985,census
12,Street Light Upgrade Menu,3517 S MARSHFIELD AVE,2021,500,41.82966664600008,-87.66670594999994,census
30,Sidewalk Menu,3525 NKILPATRICK AVE,2022,4204.4575,41.9454703,-87.7436634,google
12,Sidewalk Menu,3532 S WOOD ST,2021,1834.11333333333,41.82949261700003,-87.67038070799998,census
39,POD Camera,3532 W Lawrence,2007,12000,41.968369523000035,-87.71726482799994,census
12,Sidewalk Menu,3533 S WOOD ST,2021,1834.11333333333,41.82964190900003,-87.67036964699997,census
31,Street Light Upgrade Menu,3535 N LAVERGNE AVE,2021,750,41.94460053800003,-87.75194987199995,census
33,Miscellaneous CDOT Projects,3537 W LAWRENCE AVE,2022,2600,41.968358857000055,-87.71724674699999,census
12,POD Camera,3558 S California,2007,18000,41.82892618400007,-87.69479315499996,census
30,Alley Resurfacing Menu,3570 N MILWAUKEEAVE,2021,36430.66,41.945506,-87.7345854,google
36,Miscellaneous-Other,36 th ward library,2007,500000,41.9257801,-87.7899672,google
23,Alley Speed Hump Menu,3607 W 61 ST ST,2022,1050,41.78244184300007,-87.71344367999995,census
44,Alley Apron Menu,3614 N WILTON AVE,2021,10950.52,41.94799019800007,-87.65314678799996,census
26,Alley Resurfacing Menu,3615 WDICKENS AVE,2022,23288.325,41.9191056,-87.7174288,google
47,Street Light Upgrade Menu,3634 N WESTERN AVE,2021,500,41.947418705000075,-87.68828125999994,census
23,Alley Apron Menu,3655 W 60 TH PL,2022,9899.33333333333,41.783333378000066,-87.71450241599996,census
23,Alley Apron Menu,3700 W 58 TH ST,2022,7864.03,41.78787323100005,-87.71585304399997,census
23,Alley Apron Menu,3701 W 60 TH PL,2021,8208.67,41.7831221,-87.7157724,google
12,Sidewalk Menu,3712 S HONORE ST,2021,3269.635,41.82644961300008,-87.67151467999997,census
44,Alley Resurfacing Menu,3717 N RACINE AVE,2021,9723.235,41.94954868600007,-87.65921716499997,census
44,Curb & Gutter Menu,3719 NLAKEWOOD AVE,2021,11836.46,41.9495796,-87.6613624,google
31,Alley Apron Menu,3725 WWRIGHTWOOD AVE,2021,5888.08,41.9279952,-87.7205836,google
33,Street Light Upgrade Menu,3738 N SACRAMENTO AVE,2021,500,41.949234251000064,-87.70300368699998,census
24,Alley Resurfacing Menu,3752 W 16 TH ST,2022,15895.61,41.85893197100006,-87.71951919399999,census
23,Alley Apron Menu,3759 W 57 TH PL,2022,9174.38333333333,41.788754803000074,-87.71709560999994,census
35,Floodlight Menu,3812 W WILSON AVE,2021,950,41.96465722000005,-87.72314395099994,census
12,POD Camera,3825 California,2008,15000,41.9220493,-87.6970509,google
12,Alley Resurfacing Menu,3844 S HONORE ST,2022,3474.725,41.82432067900004,-87.67145010299998,census
26,Sidewalk Menu,3901 W LE MOYNE ST,2022,3742.22666666667,41.908092269000065,-87.72408305099998,census
35,Street Light Upgrade Menu,3933 N BERNARD ST,2021,500,41.95249175600003,-87.71406470299996,census
43,Curb & Gutter Menu,400 W DEMING PL,2021,13727.88,41.92966527400006,-87.63937576399996,census
47,Street Bump Outs Menu,4015 N ROCKWELL ST,2021,6654.7275,41.95428683100005,-87.69322407599998,census
26,Alley Resurfacing Menu,4016 W KAMERLINGAVE,2021,22575.86,41.9053734,-87.7268195,google
47,Street Bump Outs Menu,4045 N ROCKWELL ST,2021,6654.7275,41.95486135500005,-87.69324131599996,census
4,Chicago Park District,41 st St. Beach House,2009,290000,41.8193398,-87.6841534,google
4,Chicago Park District,41 st Street Beach House,2010,250000,41.8193398,-87.6841534,google
24,5 POD Camera + 5 LPR Existing Cameras: Various Locations,4100 W ARTHINGTON ST,2021,33552.8,41.86999470100005,-87.72841682699999,census
26,Alley Resurfacing Menu,4101 W NORTH AVE,2022,18309.04,41.90982951400008,-87.72911887799995,census
47,Street Bump Outs Menu,4121 N ROCKWELL ST,2021,6654.7275,41.95629235500007,-87.69328197799996,census
18,Speed Indicator Signs,4139 W 79 TH ST,2021,14000,41.74943815700004,-87.72527942899995,census
46,Speed Indicator Signs,4140 N MARINE DR,2022,7000,41.95756886800007,-87.64625510399998,census
12,POD Camera,4200 California,2008,15000,41.7913459,-87.7280098,google
35,Miscellaneous CDOT Projects,4201 N ST LOUIS AVE,2021,660,41.95760777800007,-87.71546955999997,census
22,Street Speed Hump Menu,4210 W 25 TH ST,2021,1175,41.846016761000044,-87.72973528599994,census
18,Speed Indicator Signs,4260 W 79 TH PL,2021,14000,41.748875155000064,-87.72892694499996,census
46,Concrete Alley Menu,4300 N MARINEDR,2021,1686.78,41.9613116,-87.6471009,google
46,Concrete Alley Menu,4300 N MARINEDR,2022,29028.735,41.9613116,-87.6471009,google
37,Alley Resurfacing Menu,4300 W AUGUSTABLVD,2021,18809.065,41.8991142,-87.733763,google
24,Alley Speed Hump Menu,4300 W CULLERTON ST,2021,700,41.85431488800003,-87.73229711599998,census
26,Sidewalk Menu,4305 W LE MOYNE ST,2021,51631.255,41.90765919000006,-87.73399370699997,census
13,Bollard Menu,4308 W MARQUETTE RD,2021,2495.11,41.771288223000056,-87.73032458399996,census
15,Alley Apron Menu,4312 S ARTESIAN AVE,2022,11398.045,41.81500729800007,-87.68589018299997,census
33,Alley Resurfacing Menu,4313 N MOZARTST,2021,15885.36,41.9598825,-87.6993812,google
39,Miscellaneous Other,4321 W Peterson Ave,2012,264865,41.990024540000036,-87.73720575299996,census
22,Arterial Street Bump Outs Menu,4332 W 26 TH ST,2021,31861.26,41.84415888500007,-87.73178449199997,census
22,Arterial Street Bump Outs Menu,4332 W 26 TH ST,2022,15779.715,41.84415888500007,-87.73178449199997,census
33,Street Light Upgrade Menu,4338 N FRANCISCO AVE,2021,500,41.95996648200003,-87.70087877399999,census
3,Miscellaneous CDOT Projects,435 E 43 RD ST,2021,75,41.816636009000035,-87.61626234999994,census
22,Street Resurfacing Menu,4400 S LAWLER AVE,2022,26653.55,41.812514846000056,-87.74941218999999,census
46,Alley Speed Hump Menu,4417 N BEACONST,2021,350,41.9622677,-87.6633982,google
39,Speed Indicator Signs,4418 W FOSTER AVE,2021,5500,41.9756551,-87.7384218,google
46,Speed Indicator Signs,4420 N BEACON ST,2022,5500,41.962124578000044,-87.66374460899993,census
46,Miscellaneous CDOT Projects,4438 N RACINE AVE,2021,16398.165,41.963396620000026,-87.65961384999997,census
15,Alley Apron Menu,4444 S ARTESIAN AVE,2021,11107.7,41.81321698100004,-87.68584113799994,census
33,Street Speed Hump Menu,4500 NRICHMOND ST,2022,2350,41.9630544,-87.7021793,google
12,POD Camera,4500 Talman,2008,15000,41.8118458,-87.6909848,google
46,Sidewalk Menu,4545 N BROADWAY,2021,6885.77,41.96470739100005,-87.65702034499998,census
46,Sidewalk Menu,4545 N BROADWAY,2022,15207.37,41.96470739100005,-87.65702034499998,census
2,Alley Resurfacing Menu,455 W NORTHAVE,2022,16638.72,41.9108133,-87.6408101,google
31,Sidewalk Menu,4558 W SCHUBERT AVE,2022,7363.13,41.92958776100005,-87.74124686399995,census
33,Miscellaneous CDOT Projects,4600 N KIMBALL AVE,2022,2600,41.96474124000008,-87.71325726999999,census
14,Alley Resurfacing Menu (1-1),4600 S CHRISTIANA AVE,2021,18579.545,41.809790442000065,-87.70762383299996,census
15,Alley Resurfacing Menu,4600 SHONORE ST,2022,17912.5466666667,41.8102161,-87.6714177,google
15,Alley Resurfacing Menu,4601 SWINCHESTER AVE,2022,18914.01,41.8102371,-87.6731569,google
4,POD Camera,4659 S Cottage Grove,2007,24000,41.81061281600006,-87.60657790099998,census
37,Alley Resurfacing Menu,4719 WGRAND AVE,2021,41000,41.9130435,-87.7443187,google
14,Sidewalk Menu,4743 S KOLIN AVE,2022,4616.86666666667,41.80674238200004,-87.73211225499995,census
14,Sidewalk Menu,4747 S KOLIN AVE,2022,4616.86666666667,41.80669304200006,-87.73211077699995,census
20,Alley Speed Hump Menu,4758 S RACINE AVE,2021,1050,41.807251465000036,-87.65521394199999,census
31,Street Resurfacing Menu,4800- 4832 W NEWPORT AVE,2020,8977.735,41.94337584200008,-87.74843970499995,census
33,Miscellaneous CDOT Projects,4801 N CENTRAL PARK AVE,2022,2600,41.96838826000004,-87.71824716599997,census
33,Miscellaneous CDOT Projects,4801 N STLOUIS AVE,2022,2600,41.968416467000054,-87.71579970499994,census
3,Alley Speed Hump Menu,4810 S INDIANA AVE,2022,350,41.807190164000076,-87.62116219799998,census
31,Street Light Upgrade Menu,4812 W NEWPORT AVE,2021,750,41.94337997700006,-87.74811384999998,census
40,Sidewalk Menu,4820 N WASHTENAW AVE,2022,1217.80666666667,41.96992503000007,-87.69629469199998,census
14,Alley Resurfacing Menu,4822 S RIDGEWAY AVE,2021,14756.98,41.805107992000046,-87.71737956999993,census
4,Speed Indicator Signs,4825 S DREXEL BLVD,2022,8333.33333333333,41.807227967000074,-87.60383710899998,census
30,Sidewalk Menu,4834 W WAVELAND AVE,2022,3989.935,41.94794962800006,-87.74829608199997,census
31,Street Light Upgrade Menu,4858 W MELROSE ST,2021,750,41.93972496200007,-87.74858776799994,census
6,Sidewalk Menu,49 W 77 TH PL,2022,5052.88,41.75364636100005,-87.62655707299996,census
48,Alley Resurfacing Menu,4900 N SHERIDAN RD,2022,7888.115,41.971722347000025,-87.65489096199997,census
37,Sidewalk Menu,4900 W POTOMAC AVE,2021,4936.765,41.90414846700003,-87.74865563299994,census
37,Alley Resurfacing Menu,4900 W WALTON ST,2022,2056.635,41.89773030500004,-87.74851455699996,census
3,Alley Resurfacing Menu,4906 S INDIANA AVE,2022,23593.905,41.805431578000025,-87.62111679499998,census
33,Street Speed Hump Menu,4917 N DRAKEAVE,2021,2350,41.9707806,-87.7167801,google
48,Miscellaneous Other,4919 N Winthrop Ave,2013,10325,41.97194659100006,-87.65768856699998,census
31,Street Light Upgrade Menu,4923 W BARRY AVE,2022,500,41.936957232000054,-87.74992278899998,census
33,Sidewalk Menu,4925 N MONTICELLO AVE,2022,11360.8233333333,41.97067719700004,-87.71952938499999,census
5,Street Bump Outs Menu,4930 S CORNELL AVE,2021,5878.425,41.80495676800007,-87.58649965399997,census
45,POD Camera,4956 Bell Plaine Ave,2007,24000,41.95520380000005,-87.75086595499994,census
33,Sidewalk Menu,4957 N MONTICELLO AVE,2022,11360.8233333333,41.97117665300004,-87.71954407499999,census
31,Street Light Upgrade Menu,5000 W FLETCHER ST,2021,750,41.93785681800006,-87.75195190199997,census
39,Miscellaneous CDOT Projects,5001 N PULASKI RD,2021,2537.5,41.97356776500004,-87.72816759699998,census
29,Alley Speed Hump Menu,5045 WGLADYS AVE,2022,1400,41.8755636,-87.7510929,google
40,Emerson; Green Briar; Gross; Mather Park - Basketball Court Upgrades; Green Briar; River Park - Pickleball Striping,5100 N FRANCISCO AVE,2022,40000,41.97404016300004,-87.70130537899996,census
23,Speed Indicator Signs,5185 S ARCHER AVE,2021,11000,41.80008829900004,-87.73383056499995,census
37,Street Resurfacing Menu,5200 N LARAMIE AVE,2022,53917.925,41.97578964100006,-87.75779604099995,census
16,POD Camera,5200 S Ada,2006,24000,41.7995761,-87.6586501,google
31,Alley Speed Hump Menu,5218 WDIVERSEY AVE,2022,700,41.931589,-87.7572473,google
31,Street Resurfacing Menu,5219 W WRIGHTWOOD AVE,2021,7252.48375,41.92775996000006,-87.75732520699995,census
14,Sidewalk Menu,5220 S NATOMA AVE,2022,9960.42,41.79730654700006,-87.78806363799998,census
3,Miscellaneous CDOT Projects,5221 S WABASH AVE,2021,133.065,41.799397688000056,-87.62420000899994,census
31,Street Light Upgrade Menu,5236 W SCHOOL ST,2021,750,41.940521326000066,-87.75770134099997,census
29,Alley Resurfacing Menu,5255 WJACKSON BLVD,2022,20831.59,41.8764,-87.757055,google
14,Sidewalk Menu,5258 S MULLIGAN AVE,2022,13315.12,41.79681759600004,-87.78072969699997,census
23,Alley Apron Menu,5258 S SAYRE AVE,2021,14086.015,41.79660316400003,-87.79658318299994,census
31,Sidewalk Menu,5259 WOAKDALE AVE,2022,3721.4,41.9339244,-87.7587723,google
4,POD Camera,5299 S Drexel,2006,36000,41.79946744500006,-87.60391046999996,census
16,Bollard Menu,5300 S DAMEN AVE,2022,1668.935,41.79751339000006,-87.67440803499994,census
23,Street Resurfacing Menu,5300 S NAGLE AVE,2022,23240.61,41.795882465000034,-87.78314141899995,census
29,Miscellaneous CDOT Projects,5300 W VAN BUREN ST,2022,125,41.87482108800003,-87.75781498099997,census
23,Alley Speed Hump Menu,5301 S HARDING AVE,2021,466.666666666667,41.79672898900003,-87.72202424599999,census
3,Miscellaneous CDOT Projects,5314 S INDIANA AVE,2021,150,41.79787231200004,-87.62093172899995,census
30,Curb & Gutter Menu,5318 W MELROSE ST,2022,2293.26444444444,41.93958182100005,-87.75974698499994,census
30,Curb & Gutter Menu,5319 W MELROSE ST,2022,2293.26444444444,41.93957085900007,-87.75974671499995,census
30,Curb & Gutter Menu,5323 W MELROSE ST,2022,2293.26444444444,41.93956971000006,-87.75983078399997,census
30,Curb & Gutter Menu,5328 W MELROSE ST,2022,2293.26444444444,41.939578950000055,-87.75995715899995,census
40,Street Light Upgrade Menu,5334 N CALIFORNIA AVE,2021,331.12,41.978681203000065,-87.69902070499995,census
29,Miscellaneous CDOT Projects,5339 W MONROE ST,2022,125,41.879327673000034,-87.75864944699998,census
30,Curb & Gutter Menu,5340 W,2022,2293.26444444444,NA,NA,google
23,Alley Speed Hump Menu,5344 S MILLARD AVE,2021,350,41.79637775000003,-87.71467217499998,census
23,Viaduct Improvement Menu,5346 S CICERO AVE,2021,21183.24,41.79497221400004,-87.74289738599998,census
30,Curb & Gutter Menu,5347 W MELROSE ST,2022,2293.26444444444,41.93956281900006,-87.76033520099998,census
30,Curb & Gutter Menu,5353 W MELROSE ST,2022,2293.26444444444,41.939561096000034,-87.76046130499998,census
30,Curb & Gutter Menu,5355 W MELROSE ST,2022,2293.26444444444,41.93956052200008,-87.76050333999996,census
23,Alley Apron Menu,5358 S HAMLIN AVE,2021,7512,41.79545253600003,-87.71832437299997,census
39,Miscellaneous CDOT Projects,5363 W DEVON AVE,2021,8333.33333333333,41.99732170800007,-87.76287426999994,census
39,Street Resurfacing Menu,5400 N LAPORTE AVE,2021,11898.905,41.980605783000044,-87.75204353599997,census
29,Alley Resurfacing Menu,5400 W QUINCY ST,2021,35012.575,41.87751533900007,-87.75967446699997,census
39,Miscellaneous CDOT Projects,5405 W DEVON AVE,2021,8333.33333333333,41.99732572800008,-87.76394980899994,census
31,Street Light Upgrade Menu,5418 W SCHUBERT AVE,2022,500,41.92951601300007,-87.76184207999995,census
45,Chicago Park District,5421 N. Menard,2006,100000,41.97987937900007,-87.77323193899997,census
31,Street Light Upgrade Menu,5428 W SCHUBERT AVE,2022,500,41.92951313700007,-87.76205262099995,census
23,Street Light Upgrade Menu,5430 S NOTTINGHAM AVE,2022,500,41.793466040000055,-87.79904141299994,census
31,Street Light Upgrade Menu,5435 W SCHUBERT AVE,2022,500,41.929500449000045,-87.76217867499997,census
13,Sidewalk Menu,5442 W 63 RD PL,2021,2627.82,41.777229315000056,-87.75824518199994,census
37,Alley Resurfacing Menu,5445 W NORTH AVE,2022,14769.55,41.909405235000065,-87.76302480999999,census
31,Street Light Upgrade Menu,5456 WSCHUBERT AVE,2022,500,41.9297604,-87.7635577,google
6,Sidewalk Menu,55 W 77 TH PL,2022,12003.495,41.75364533000004,-87.62661102799996,census
30,Curb & Gutter Menu,5515 W PARKER AVE,2022,3452.64,41.93038655400005,-87.76424604999994,census
29,Miscellaneous CDOT Projects,5517 W WEST END AVE,2022,125,41.88424712300008,-87.76362410899998,census
30,Curb & Gutter Menu,5518 W PARKER AVE,2022,3452.64,41.93039637000004,-87.76433052999994,census
13,Sidewalk Menu,5521 S KOLMAR AVE,2021,741.433333333333,41.79229102900007,-87.73660638299998,census
31,Street Light Upgrade Menu,5521 W DRUMMOND PL,2022,500,41.92855845400004,-87.76451384399996,census
37,Alley Resurfacing Menu,5527 W CRYSTAL ST,2022,15498.985,41.903055162000044,-87.76478411899996,census
30,Curb & Gutter Menu,5529 W PARKER AVE,2022,3452.64,41.93038253900005,-87.76454078599994,census
30,Curb & Gutter Menu,5536 W PARKER AVE,2022,3452.64,41.93039120700007,-87.76470947599995,census
30,Curb & Gutter Menu,5537 W PARKER AVE,2022,3452.64,41.93038024400005,-87.76470920699995,census
31,Street Light Upgrade Menu,5537 W SCHUBERT AVE,2022,500,41.929467730000056,-87.76467704799995,census
31,Street Light Upgrade Menu,5539 W DRUMMOND PL,2022,500,41.92855091000007,-87.76512162399996,census
29,Alley Resurfacing Menu,5548 W GLADYS AVE,2022,19183.98,41.875657226000044,-87.76314806799996,census
31,Street Light Upgrade Menu,5555 W DRUMMONDPL,2022,500,41.928284,-87.765889,google
36,Alley Resurfacing Menu,5600 W NEWPORTAVE,2022,17799.96,41.9432512,-87.7669187,google
23,Alley Apron Menu,5601 S MASSASOIT AVE,2021,7630.175,41.79068716200004,-87.76587984999998,census
13,Sidewalk Menu,5606 S KEELER AVE,2021,1487.98,41.79112268400007,-87.72801185299994,census
36,Alley Resurfacing Menu,5615 W EDDY ST,2022,16987.515,41.94494740700003,-87.76769439699996,census
13,Alley Resurfacing Menu,5623 S MEADE AVE,2022,12027.625,41.79016139100003,-87.77440301699994,census
48,Alley Resurfacing Menu,5648 NMAGNOLIA AVE,2022,5542.83,41.985054,-87.6615597,google
14,Alley Resurfacing Menu,5723 S WHIPPLE ST,2021,16885.315,41.78945735700006,-87.69977190799995,census
36,Alley Resurfacing Menu,5800 W ROSCOEST,2022,14727.435,41.9424149,-87.7717118,google
40,Concrete Alley Menu,5814 NHERMITAGE AVE,2021,70000,41.987189,-87.6733534,google
23,Alley Speed Hump Menu,5817 S TRUMBULL AVE,2021,245.83,41.787674827000046,-87.70950555999997,census
13,Sidewalk Menu,5825 S RUTHERFORD AVE,2022,6619.975,41.78618561700006,-87.79012038099995,census
20,Miscellaneous CDOT Projects,5828 S DR MARTIN LUTHER KING JR DR,2022,150,41.7885087,-87.6161899,google
40,POD Camera,5900 N California,2006,36000,41.98868880800006,-87.69934722799997,census
29,Street Speed Hump Menu,5900 W IOWAST,2021,2350,41.8968484,-87.7725921,google
29,Miscellaneous CDOT Projects,5930 WCHICAGO AVE,2022,125,41.895014,-87.773667,google
40,Emerson; Green Briar; Gross; Mather Park - Basketball Court Upgrades; Green Briar; River Park - Pickleball Striping,5941 N RICHMOND ST,2022,40000,41.99013875700007,-87.70302207599997,census
4,3 LPR No POD Cameras: 101 W Ida B Wells; 110 E Roosevelt Rd; 600 S State St,600 S STATE ST,2021,27410,41.87453847100005,-87.62767309099996,census
13,POD Camera,6000 S Keeler,2007,12000,41.783925718000035,-87.72779962799996,census
40,Concrete Alley Menu,6001 N PAULINA ST,2021,8919.27,41.990805730000034,-87.67176932499996,census
40,Concrete Alley Menu,6001 N PAULINA ST,2022,56080.73,41.990805730000034,-87.67176932499996,census
13,Street Light Upgrade Menu,6058 S MASON AVE,2022,500,41.78231575900003,-87.77044700799996,census
50,Street Light Upgrade Menu,6090 N ALBANY AVE,2021,500,41.99275402600006,-87.70676661199997,census
16,Street Resurfacing Menu,6100 S PEORIA ST,2022,16644.87,41.78328658800007,-87.64731281499996,census
44,Alley Resurfacing Menu,611 W SURF ST,2021,4736.0575,41.93486483200007,-87.64467929399996,census
50,Alley Speed Hump Menu,6111 NMOZART ST,2022,350,41.9925602,-87.7003451,google
23,Speed Indicator Signs,6115 S PULASKI RD,2021,14000,41.78211390600006,-87.72284844599994,census
43,Concrete Alley Menu,613 W BELDEN AVE,2022,120969.665,41.923691845000064,-87.64444905199997,census
27,Alley Resurfacing Menu,617 WEVERGREEN AVE,2022,10050.41,41.906222,-87.6440513,google
13,Sidewalk Menu,6200 S MULLIGAN AVE,2021,1319.535,41.77942326900006,-87.78011160899996,census
50,Miscellaneous-CDOT,6201 Monticello,2005,8568,41.9938853,-87.7199017,google
13,Street Light Upgrade Menu,6310 S LOREL AVE,2022,500,41.77749410900003,-87.75562996399998,census
13,POD Camera,6340 Cicero,2007,24000,41.9968372,-87.7483347,google
27,Sidewalk Menu,639 N HOMAN AVE,2022,24175.9433333333,41.89260160200007,-87.71133969699997,census
49,Alley Resurfacing Menu,6412 N MAGNOLIAAVE,2021,30744.64,41.90914036400005,-87.78626622199994,census
20,Miscellaneous CDOT Projects,6555 S INGLESIDE AVE,2022,75,41.77583182700005,-87.60216654399994,census
49,Alley Resurfacing Menu,6600 NLAKEWOOD AVE,2022,10181.155,42.0025243,-87.663018,google
5,Miscellaneous CDOT Projects,6602 SDREXEL AVE,2022,187.5,41.774834,-87.603726,google
50,Curb & Gutter Menu,6757 N RICHMOND ST,2021,731.6,42.00434366400003,-87.70340106799995,census
23,Diagonal Parking Menu,6758 W ARCHER AVE,2022,20000,41.79217429300007,-87.79093479699998,census
20,Guardrail Menu,6858 DR. MARTIN LUTHER KING JR. DR,2008,1011,41.7695075,-87.6155925,google
29,Sidewalk Menu,6928 W PALMER ST,2021,10624.77,41.91992060200005,-87.79931654199999,census
29,Sidewalk Menu,6928 W PALMER ST,2022,17875.065,41.91992060200005,-87.79931654199999,census
36,Sidewalk Menu,6928 W PALMER ST,2021,28499.835,41.91992060200005,-87.79931654199999,census
38,Speed Indicator Signs,6949 W IRVING PARK RD,2022,9333.33333333333,41.95274283400005,-87.80064471499998,census
5,6 POD Cameras; 6 LPR on Existing Cameras: Various Locations,7000 S EAST END AVE,2021,35747,41.76778348800008,-87.58283203799994,census
38,Speed Indicator Signs,7015 W IRVING PARK RD,2022,9333.33333333333,41.952745177000054,-87.80172032199994,census
5,6 POD Cameras; 6 LPR on Existing Cameras: Various Locations,7100 S DORCHESTER AVE,2021,35747,41.76507352900006,-87.59097392899997,census
29,Alley Resurfacing Menu,7117 W BELMONTAVE,2021,12369.685,41.937847,-87.804725,google
5,Miscellaneous CDOT Projects,7138 S INGLESIDE AVE,2022,187.5,41.76478459900005,-87.60188144299997,census
7,Miscellaneous CDOT Projects,7139 S RIDGELAND AVE,2021,18225.135,41.764932972000054,-87.58240498599997,census
6,Alley Apron Menu,7203 S STLAWRENCE AVE,2021,12013.88,41.76379552600008,-87.61037298699995,census
11,Alley Resurfacing Menu,724 W 48 TH PL,2021,39242.93,41.806164057000046,-87.64396023899997,census
49,Miscellaneous-CDOT,7300 N Oakley Ave,2006,18500,42.014135356000054,-87.68754055499994,census
11,Alley Resurfacing Menu,745 W 48 TH PL,2022,34091.105,41.806148961000076,-87.64418038899998,census
49,POD Camera,7500 N Hoyne,2006,36000,42.01798217600003,-87.68299479699994,census
6,Alley Apron Menu,7513 S LANGLEY AVE,2022,12060.605,41.757873215000075,-87.60781225899996,census
8,Alley Speed Hump Menu,7514 S CREGIER AVE,2021,700,41.75809235500003,-87.58102482799995,census
6,Sidewalk Menu,7515 S RHODES AVE,2022,2849.26,41.75778382500005,-87.61144261199996,census
6,Bollard Menu,7600 DR. MARTIN LUTHER KING JR. DR,2007,714,41.756438727000045,-87.61508357799994,census
6,Bollard Menu,7757 DR. MARTIN LUTHER KING JR. DR,2006,714,41.7532088,-87.6147417,google
13,POD Camera,7825 S Kostner,2007,12000,41.75096509100007,-87.73167468999998,census
8,Miscellaneous CDOT Projects,7841 S STONY ISLAND AVE E,2022,75,41.752077,-87.585217,google
13,Miscellaneous-Other,8 th Dist Police Station,2005,1178,41.8645034,-87.6506526,google
13,Miscellaneous-Other,8 th Dist Police Station,2006,1777,41.8645034,-87.6506526,google
13,POD Camera,8100 S Kostner,2005,24000,41.745578358000046,-87.73151168699997,census
18,Sidewalk Menu,8112 S RICHMOND ST,2021,2183.45666666667,41.74557954100004,-87.69618071799994,census
4,Street Light Upgrade Menu,813 E 47 TH PL,2021,500,41.808629385000074,-87.60584505299994,census
18,Sidewalk Menu,8155 S FAIRFIELD AVE,2022,1731.65,41.745341014000076,-87.69127544199995,census
18,Sidewalk Menu,8156 S RICHMOND ST,2021,2183.45666666667,41.744910954000034,-87.69616214599995,census
21,Street Speed Hump Menu,8229 SWENTWORTH AVE,2021,2350,41.7444956,-87.6289145,google
6,Alley Speed Hump Menu,846 W 69 TH ST,2021,700,41.76884176200008,-87.64479301899996,census
2,Street Resurfacing Menu,850 N DEWITT PL,2021,52357.98,41.89837153800005,-87.62020128199998,census
1,Alley Resurfacing Menu,850 N OAKLEY BLVD,2021,32906.95,41.89711951800007,-87.68443727799996,census
6,Alley Apron Menu,8645 S PRAIRIE AVE,2021,33966.46,41.73765508500003,-87.61778225499995,census
7,Street Light Upgrade Menu,8800 S SOUTH CHICAGO AVE,2022,500,41.735636449000026,-87.56353409299999,census
21,Curb & Gutter Menu,8840 S EMERALD AVE,2022,799.805,41.733575710000025,-87.64233521599994,census
2,Miscellaneous-CDOT,9 th Street Median improvements,2005,150000,41.8707554,-87.6312867,google
48,Alley Resurfacing Menu,916 W CARMEN AVE,2021,19832.84,41.97433457500006,-87.65304694499997,census
21,Sidewalk Menu,9221 S BISHOP ST,2021,9685.535,41.72627774500006,-87.65913974599994,census
25,Alley Resurfacing Menu,927 S CARPENTER ST,2021,20074.81,41.86992650900004,-87.65320474999999,census
4,Alley Resurfacing Menu,936 E 47 TH ST,2021,11377.22,41.80958783300008,-87.60232237899999,census
10,Sidewalk Menu,9413 S COMMERCIAL AVE,2021,77222.18,41.72422619400004,-87.55110766899998,census
46,Miscellaneous-CDOT,942 W Castlewood Terrace,2009,250,41.97083713600006,-87.65302504599998,census
48,Miscellaneous-CDOT,942 W Castlewood Terrace,2007,250,41.97083713600006,-87.65302504599998,census
44,Alley Resurfacing Menu,946 WDIVERSEY PKWY,2021,15021.36,41.9327425,-87.6533384,google
21,Street Speed Hump Menu,9656 S UNION AVE,2021,1175,41.71865993900008,-87.64071685099998,census
48,POD Camera,Argy,2011,1800,NA,NA,google
26,Chicago Park District,Augusta Pool,2006,20000,41.8991199,-87.7158208,google
28,Street Light Residential Staggered Piggy Back Menu,AVE (250 N),2021,41570.75,NA,NA,google
49,Street Lighting,BELL-BIRCHWOOD TO HOWARD,2005,60000,NA,NA,google
26,Miscellaneous-Other,Bloomingdale Trail,2008,15000,41.9136553,-87.7201679,google
48,Miscellaneous-CDOT,Broadway Avenue Study,2009,50000,41.9512089,-87.6496156,google
40,Sidewalk Menu - Change Order,California (Gunnison Ainlsie),2010,598,NA,NA,google
26,Schools,Casals School - 3501 W. Potomac Ave.,2011,20000,41.9043934,-87.7140646,google
44,Miscellaneous-Other,Center on Halsted,2006,350000,41.9489773,-87.6497045,google
32,Miscellaneous-CDOT,Chicago Ave. at Hoyne Ave. (crosswalk),2008,875,41.8958689,-87.6794905,google
46,Chicago Park District,Clarendon Dog Friendly Area,2009,75000,41.9639632,-87.6477697,google
42,Miscellaneous-CDOT,Clinton - Fulton River District,2005,1485,41.8880379,-87.6413589,google
10,Miscellaneous-CDOT,Commercial 8926-27-30-32,2007,8886,41.8368422,-87.8458142,google
43,Miscellaneous-Other,CTA Fullerton Stop-healy Stone Project. Menu,2009,354,41.9251983,-87.6527796,google
43,Miscellaneous-Other,CTA Fullerton Stop,2005,6646,41.9251983,-87.6527796,google
41,Miscellaneous-CDOT,Devon at Normandy,2007,600,41.9973092,-87.79393,google
26,Miscellaneous-CDOT,Division Gateway Flag Painting,2006,20000,41.7614607,-87.6441581,google
26,Miscellaneous-CDOT,Division Street Gateway,2010,424,41.9009303,-87.8353758,google
26,Miscellaneous-CDOT,Division Street Gateways,2011,40771,41.9009303,-87.8353758,google
26,Miscellaneous-CDOT,Division Street Gateways,2011,826,41.9009303,-87.8353758,google
26,Miscellaneous Other,Division Street Gateways,2012,45711,41.9009303,-87.8353758,google
4,Chicago Park District,Dyett Green Youth Farm Fence,2010,59020,41.8011311,-87.6122545,google
10,Miscellaneous-CDOT,E107 Ewing to 1 st alley east,2006,8887,NA,NA,google
27,Chicago Park District,Eckhart Park- playground - 1330 W. Chicago Ave.,2011,175000,41.8972278,-87.6612032,google
48,Miscellaneous-Other,Edgewater Branch Library,2010,1000000,41.9862871,-87.668802,google
16,Miscellaneous Other,Flower baskets- 63 rd St.,2012,47200,41.7803989,-87.6059255,google
26,Schools,Funston School - 2010 N. Central Park Ave.,2011,20000,41.9178435,-87.7171524,google
49,Miscellaneous-Other,Gale Community Center,2006,400000,42.0207515,-87.6712414,google
9,Schools,Gately Stadium - scoreboard,2011,5000,41.7085091,-87.6026376,google
8,Schools,Gately Stadium Scoreboard,2011,5000,41.7085091,-87.6026376,google
24,New Alley Construction,"Gladys, Van Buren, Dead End, Kilpatrick",2010,1507,NA,NA,google
24,Concrete Alley Menu,Gladys,2012,148082,41.7365439,-87.5940458,google
39,Chicago Park District,Gompers Park - Pulaski Ave.,2009,30000,41.9761424,-87.7367788,google
9,Schools,Gwendolyn Brooks School - 250 E. 111 th St.,2009,200000,41.6940833,-87.6158523,google
9,Schools,Gwendolyn Brooks,2010,474000,41.6940833,-87.6158523,google
4,Miscellaneous-CDOT,Harper Ave. Construction,2011,200000,41.7585469,-87.587331,google
4,Miscellaneous Other,Harper Ave.,2012,200000,41.7585469,-87.587331,google
1,Miscellaneous-CDOT,Hermitage Green Space,2008,24320,41.8795801,-87.643468,google
26,Miscellaneous-CDOT,Humboldt Dr. through Humboldt Park,2008,20000,41.9011913,-87.7022585,google
47,Miscellaneous Other,Installation of four bike stations,2012,265000,NA,NA,google
49,CTA,Jarvis CTA Station; Morse CTA Station; Loyola CTA Station,2010,59246,42.0082839,-87.6659537,google
26,Miscellaneous-Other,La Crucifixion De Don Pedro Albizu Mural -2423 W. North Ave.,2008,25000,41.9100593,-87.6881975,google
44,Chicago Park District,Lakse Shore Dr. Diversey-Briar,2009,9000,41.9328545,-87.6362215,google
47,Miscellaneous-Other,Lane Tech,2006,25000,41.945166,-87.6906541,google
42,Miscellaneous-CDOT,LaSalle Plaza 335,2011,5121,41.8773072,-87.6317057,google
42,Miscellaneous Other,LaSalle Plaza 335,2012,979,41.8773072,-87.6317057,google
42,Miscellaneous Other,LaSalle Plaza 335,2013,6100,41.8773072,-87.6317057,google
43,Miscellaneous-CDOT,Lincoln Park West @ Dickens (Additional Work),2008,30000,41.9201749,-87.6361546,google
26,Schools,Lowell School - 3320 W. Hirsch St.,2011,20000,41.9066526,-87.7105648,google
42,Miscellaneous-CDOT,LSD on north side of Cedar Street,2008,400,41.9691927,-87.6558099,google
42,Street Lighting,MADISON-WACKER TO CANAL,2006,1600,41.881969,-87.637444,google
1,Miscellaneous-CDOT,Maplewood Ave. at Diversey,2008,40000,41.9321363,-87.6915586,google
11,Miscellaneous-CDOT,Mary Street - fence,2007,17500,41.845739,-87.6529314,google
1,Miscellaneous-CDOT,Mautene Court Plaza Improvement,2008,35000,41.7045826,-87.8072975,google
44,Curb & Gutter Menu,Melrose - Broadway to Lake Shore Dr,2012,3515,41.8127955,-87.5905131,google
30,Curb & Gutter Menu,MELROSE ST 5531 W PARKER AVE,2022,3452.64,41.9301642,-87.7650887,google
42,Miscellaneous-Other,Michigan Ave. Planter maintenance,2008,77000,41.8167082,-87.62302,google
49,Miscellaneous-CDOT,Morse Ave. Design,2007,65000,42.0063233,-87.7430642,google
48,Alley Apron Menu,N Broadway & W Ardmore Ave,2011,12462,41.98727345200007,-87.66017857699995,census
48,POD Camera,N Broadway & W Thorndale Ave,2009,13000,41.99000295600007,-87.66026299399994,census
47,Miscellaneous-CDOT,N Damen Ave & W Byron St,2008,800,41.95233259100007,-87.67870221799996,census
39,Miscellaneous Other,N FOREST GLEN AVE & W ELSTON AVE,2013,3000,41.97708705800005,-87.75473034699996,census
39,Sidewalk Menu - Change Order,N KRUGER AVEELSTON,2011,593,41.9697377,-87.7460333,google
48,Miscellaneous-CDOT,N Lake Shore Dr & W Foster Ave,2008,11000,41.9361968,-87.636788,google
47,Miscellaneous-CDOT,N Lawrence Ave & N Campbell Ave,2009,800,41.9685905,-87.6913291,google
47,Miscellaneous-CDOT,N Lincoln Ave & W Cullom Ave,2008,900,41.95957642800005,-87.68255728999998,census
48,Miscellaneous-CDOT,N Marine Dr & W Foster Ave,2007,1800,41.976443876000076,-87.65215086199998,census
48,POD Camera,N Sheridan Rd & W Thorndale Ave,2010,20000,41.9900978,-87.6553766,google
42,In-Road State Law Stop for Pedestrians S,N STATE STDEAD END,2011,410,41.8852942,-87.6279117,google
32,Chicago Park District,North Racine,2007,150000,41.9249067,-87.6584241,google
42,Miscellaneous-CDOT,Ohio Place Dog Park,2006,11701,41.8923078,-87.6384183,google
28,Street Light Residential Staggered Piggy Back Menu,ON & N KILDARE AVE FROM W,2021,41570.75,41.938994,-87.7345638,google
13,Sidewalk Menu,ON & S KOLMAR AVE FROM & W 55 TH ST (5500 S) TOW 56 TH ST (5600 S),2021,741.433333333333,41.7928946,-87.5877486,google
3,Street Light Residential Staggered Piggy Back Menu,ON & S PLYMOUTH CT FROM 1211 STO & W 14 TH ST (1400 S),2021,61665.38,41.863423,-87.649091,google
3,Street Light Residential Staggered Piggy Back Menu,ON & S PLYMOUTH CT FROM 1211 STO & W 14 TH ST (1400 S),2022,10878.84,41.863423,-87.649091,google
47,Sidewalk Menu,ON & W BELLE PLAINE AVE FROM & N CLAREMONT AVE (2330 W) TON WESTERN AVE (2400 W),2021,2207.545,41.9252403,-87.6878895,google
47,Street Bump Outs Menu,ON & W BERTEAU AVE FROM & N WESTERN AVE (2400 W)TO & N CAMPBELL AVE (2520 W),2022,1499.485,41.9273716,-87.6904907,google
32,Street Resurfacing Menu,ONN HONORE ST FROM & W WABANSIA AVE (1700 N) TO & W CORTLAND ST (1900 N),2022,31929.865,41.9161413,-87.6753236,google
26,Miscellaneous - Paseo Boriqua Medalli,Paseo Boricua Medallions,2006,20000,41.9031849,-87.694751,google
26,Miscellaneous-CDOT,Paseo Boriqua Medallion,2006,45000,41.9031849,-87.694751,google
26,Schools,Pedro Albizu - 2658 W. Haddon,2005,48433,41.9022176,-87.6942191,google
26,Schools,Pedro Albizu -2658 W. Haddon,2007,37323,41.9022176,-87.6942191,google
26,Schools,Pedro Albizu H.S. parking lot -2658 W. Haddon,2008,6244,41.9022176,-87.6942191,google
25,Miscellaneous-CDOT,Permanent Street Cleaning Signs,2007,101002,41.7679382,-87.8140025,google
25,Miscellaneous-Other,Pilsen Community,2006,6524,41.857639,-87.659894,google
25,Miscellaneous Other,Plaza Tenochtitlan - CPAG,2012,85000,NA,NA,google
49,Miscellaneous-Other,Rogers Park Train Station,2010,78900,42.0091098,-87.6753999,google
39,Miscellaneous Other,Saugnash Mural,2013,10000,41.9899768,-87.7425332,google
48,Schools,Senn Academy,2006,25000,41.9890128,-87.6667743,google
48,Miscellaneous-CDOT,South Edgewater Study,2009,60000,41.9722542,-87.6595004,google
5,Chicago Park District,South Shore Cultural Center,2009,50370,41.7684565,-87.5636858,google
5,Chicago Park District,South Shore Cultural Center,2009,42000,41.7684565,-87.5636858,google
42,W. OHIO; FRANKLIN & CHICAGO MONTGOMERY WARD PARK,ST,2018,36014.6666666667,NA,NA,google
11,Miscellaneous-CDOT,Stockyard Truckers,2007,612,41.8199706,-87.6453965,google
32,Chicago Park District,Supera,2007,98750,41.9184146,-87.6482409,google
2,Miscellaneous Other,Temporary Parking signs in WEst Loop,2012,10000,41.8854407,-87.6627342,google
50,Chicago Park District,Thillens Stadium,2009,250000,41.9579921,-87.7257084,google
48,Miscellaneous-CDOT,Thorndale CTA Station,2010,31500,41.9901278,-87.6590417,google
10,Miscellaneous-Other,TIF Study Expansion - Calumet Marina,2009,20000,41.6242532,-87.5400041,google
24,Miscellaneous Other,Tree installation - 4043 W. Harrison St.,2012,539,41.8731002,-87.72717,google
19,Miscellaneous Other,Tree planting -2037 W. 108 th Pl,2012,515,41.6965365,-87.6730612,google
16,Miscellaneous-CDOT,Various locations- Decorative Waste Receptacles,2011,42716,NA,NA,google
11,Street Traffic Circle Menu,W 30 TH,2021,15746.2857142857,41.8387904,-87.7201238,google
39,Floodlight Menu,W CARMEN AVE & N SPAULDING AVE ON & N KENTON AVE FROM & W SUNNYSIDE AVE (4500 N) TO,2013,1200,42.0267178,-87.7426593,google
49,Miscellaneous Other,W Estes Ave & N Glenwood Ave,2013,3228,42.01156563200004,-87.66586671699997,census
39,Sidewalk Menu - Change Order,W FOSTER AVEKOSTNER,2011,1669,41.9754424,-87.7381101,google
45,Alley Resurfacing Menu,W GOODMAN ST,2019,5412.52333333333,41.97171,-87.7686033,google
49,Miscellaneous Other,W Lunt Ave & N Glenwood Ave,2013,3228,42.0091121,-87.6662054,google
49,Miscellaneous Other,W Touhy Ave & Main st,2013,3228,42.0117916,-87.8017797,google
40,Viaduct Improvement Menu,W,2022,5516.764,NA,NA,google
48,3 LPR Existing POD; 3 LPR w.o Existing POD; 1 POD Camera: Various Locations,W,2021,19988.4285714286,NA,NA,google
21,Sidewalk Menu - Change Order,W. 101 st Pl. Elizabeth Vincennes,2007,1486,41.7090312,-87.6537646,google
42,Miscellaneous-CDOT,Wacker Dr. near Field Blvd.,2007,2900,41.8781718,-87.6366732,google
1,Miscellaneous-Other,West Town Branch Library,2010,500000,41.8935946,-87.6721671,google
46,Miscellaneous-Other,Wilson Yard Development,2005,63962,41.9619841,-87.6559213,google
46,Miscellaneous-Other,Wilson Yard Development,2006,120432,41.9619841,-87.6559213,google
46,Miscellaneous-Other,Wilson Yard Development,2007,6009,41.9619841,-87.6559213,google
46,Miscellaneous-Other,Wilson Yard Development,2008,500117,41.9619841,-87.6559213,google
46,Miscellaneous-Other,Wilson Yard Development,2009,59480,41.9619841,-87.6559213,google
4,Miscellaneous-CDOT,Woodlawn to Harper,2007,47200,NA,NA,google
