ward,type,location,year,est_cost,id,query,geometry,ward_locate,precinct_locate,ward_precinct_locate
43,Street Resurfacing Menu,1-20 E BANKS ST,2021,13606.915,38057,census,"c(-87.628670058, 41.9067633160001)",43,39,43039
33,Miscellaneous-CDOT,100 tree grates on Kedzie Ave,2006,186000,28751,google,"c(-87.7071964, 41.9241386)",26,19,26019
34,Alley Resurfacing Menu,100- 134 W 111TH ST,2016,7769.115,30149,census,"c(-87.626615761, 41.692548077)",34,37,34037
5,Sidewalk Menu,1001 E 53RD ST,2021,2900.155,4459,census,"c(-87.6012390819999, 41.7994001370001)",5,3,05003
44,Alley Resurfacing Menu,1002 WDIVERSEY PKWY,2021,3367.96,38856,google,"c(-87.6541799, 41.9328853)",44,40,44040
9,Miscellaneous CDOT Projects,10048 S MICHIGAN AVE,2022,187.5,7316,census,"c(-87.6199913679999, 41.7114860040001)",9,2,09002
10,Sidewalk Menu,10254 S AVENUE G,2021,7252.28,8420,census,"c(-87.531666102, 41.7087464840001)",10,26,10026
26,Street Speed Hump Menu,1045 NSACRAMENTO AVE,2021,1175,23131,google,"c(-87.7015545, 41.9007907)",26,27,26027
10,POD Camera,104th AVE & S M AVE,2007,36000,7801,google,"c(-87.5377098, 41.7027492)",10,35,10035
9,Bollard Menu,10557 DR. MARTIN LUTHER KING JR. DR,2008,714,6845,google,"c(-87.613296, 41.701995)",9,22,09022
43,Sidewalk Menu,1056 W ARMITAGE AVE,2021,3430.79,38051,census,"c(-87.655430908, 41.918082944)",43,10,43010
44,Miscellaneous Other,108 signs will be posted in the designated areas of the ward,2013,10497,38429,google,"c(-87.6273439, 41.8914528)",42,22,42022
4,3 LPR No POD Cameras: 101 W Ida B Wells; 110 E Roosevelt Rd; 600 S State St,110 E ROOSEVELT RD,2021,27410,3763,census,"c(-87.623793521, 41.867541927)",2,18,02018
9,Sidewalk Menu,11040 S INDIANA AVE,2022,11533.455,7318,census,"c(-87.61828102, 41.6939025250001)",9,43,09043
26,Sidewalk Menu,1111 N FRANCISCO AVE,2021,2847.95,23113,census,"c(-87.699305689, 41.9013073450001)",26,27,26027
26,Sidewalk Menu,1130 N FRANCISCO AVE,2021,2847.95,23113,census,"c(-87.6993261269999, 41.9015371740001)",26,27,26027
19,POD Camera,11300 S Hermosa,2007,12000,16379,census,"c(-87.6682819819999, 41.6890742860001)",19,50,19050
44,Alley Apron Menu,1142 W OAKDALE AVE,2022,18813.92,38887,census,"c(-87.6571847119999, 41.935311379)",44,27,44027
44,Alley Apron Menu,1143 W GEORGE ST,2022,41172.68,38886,census,"c(-87.657942653, 41.934384708)",44,40,44040
2,Curb & Gutter Menu,115 W CHICAGOAVE,2022,10184.52,2470,google,"c(-87.6319807, 41.8963217)",42,57,42057
34,Alley Resurfacing Menu,117 th St - 117 th Pl - Lowe - Wallace,2012,2762,29914,google,"c(-87.619847, 41.6813358)",9,28,09028
9,Miscellaneous CDOT Projects,11919 S MICHIGANAVE,2022,187.5,7316,google,"c(-87.620146, 41.677304)",9,44,09044
34,Alley Resurfacing Menu,12222 S BISHOP ST,2022,27478.875,30393,census,"c(-87.657545015, 41.671605195)",34,51,34051
37,Sidewalk Menu,1234 N LAMON AVE,2021,10538.345,33016,census,"c(-87.7484474029999, 41.903274276)",37,43,37043
32,Miscellaneous-CDOT,1300 block of W. Altgeld,2010,49300,28132,google,"c(-87.6607368, 41.9275538)",32,48,32048
26,Alley Resurfacing Menu,1300 N ARTESIANAVE,2022,22075.835,23145,google,"c(-87.6886019, 41.9049718)",26,20,26020
2,2 POD Cameras: 2000 W Chicago Ave; 1300 N Cleveland,1300 N CLEVELAND AVE,2021,24776,2417,census,"c(-87.640858325, 41.905737442)",43,37,43037
49,Miscellaneous Other,1300 W ALBION AVE,2015,6000,42693,census,"c(-87.663644945, 42.002453743)",40,13,40013
25,POD Camera,1301 S Heath,2007,24000,21513,census,"c(-87.6843516119999, 41.8647319940001)",25,10,25010
49,Alley Resurfacing Menu,1309 W ARTHUR AVE,2022,34720.455,43020,census,"c(-87.663663061, 42.0004007970001)",40,16,40016
29,Miscellaneous CDOT Projects,132 N WALLER AVE,2022,125,25563,census,"c(-87.768220947, 41.8830247650001)",29,27,29027
29,Alley Resurfacing Menu,1324 N CENTRALAVE,2022,18001.14,25541,google,"c(-87.7660513, 41.904717)",29,8,29008
10,Sidewalk Menu,13316 S AVENUE K,2021,4050.94,8434,census,"c(-87.535038781, 41.6532644340001)",10,21,10021
49,Miscellaneous Other,1335 W COLUMBIA AVE,2015,6000,42693,census,"c(-87.664701216, 42.0044716450001)",40,13,40013
44,Alley Apron Menu,1343 W WAVELAND AVE,2022,16907.375,38888,census,"c(-87.662987441, 41.948903923)",44,13,44013
43,POD Camera,1350 N Wells,2008,24000,37352,census,"c(-87.634595567, 41.907189444)",43,30,43030
9,Miscellaneous-CDOT,137 - 141 E 114 th Place (parkway),2010,41,6931,google,"c(-87.6193128, 41.6860772)",9,31,09031
26,Alley Resurfacing Menu,1400 N KARLOV AVE,2022,24739.38,23147,census,"c(-87.728863318, 41.9062926920001)",37,42,37042
29,Street Resurfacing Menu,1400 N PARKSIDE AVE,2022,1340.87,25587,census,"c(-87.767003181, 41.9058903820001)",29,26,29026
26,Alley Resurfacing Menu,1400 NCENTRAL PARK AVE,2022,23051.98,23146,google,"c(-87.7170019, 41.9064972)",26,18,26018
48,Speed Indicator Signs,1416 WFOSTER AVE,2021,5500,42186,google,"c(-87.665467, 41.976502)",48,10,48010
26,Sidewalk Menu,1456 N SPRINGFIELD AVE,2022,3742.22666666667,23180,census,"c(-87.724015917, 41.90732668)",30,26,30026
29,Alley Resurfacing Menu,1457 N MASON AVE,2022,18976.075,25542,census,"c(-87.774293397, 41.9066610180001)",29,43,29043
28,Street Light Upgrade Menu,147 S WHIPPLE ST,2021,625,24774,census,"c(-87.702374982, 41.8785992260001)",28,50,28050
17,Alley Apron Menu,1500 W 74TH ST,2022,8617.77666666667,15368,census,"c(-87.662132529, 41.759478976)",17,23,17023
49,Alley Resurfacing Menu,1500 W PRATTBLVD,2022,18793.085,43023,google,"c(-87.6680236, 42.005579)",49,37,49037
49,Alley Resurfacing Menu,1500 WFARWELL AVE,2022,24325.755,43022,google,"c(-87.6683072, 42.0067985)",49,23,49023
26,Alley Resurfacing Menu,1501 N KARLOV AVE,2021,18594.74,23075,census,"c(-87.7289051389999, 41.9080908280001)",30,16,30016
26,Alley Resurfacing Menu,1501 N KARLOV AVE,2022,2960.665,23148,census,"c(-87.7289051389999, 41.9080908280001)",30,16,30016
26,Alley Resurfacing Menu,1501 NSPRINGFIELD AVE,2022,25872.175,23149,google,"c(-87.7237456, 41.9082291)",30,23,30023
47,Speed Indicator Signs,1511 W IRVINGPARK RD,2022,985.096666666667,41398,census,"c(-87.6677718989999, 41.954301564)",47,25,47025
32,Alley Apron Menu,1544 W BARRY AVE,2021,15881.71,28593,census,"c(-87.667263433, 41.9378814930001)",32,10,32010
24,Miscellaneous-CDOT,16 th St. at Spaulding Ave,2009,1200,20816,google,"c(-87.7100495, 41.9389721)",35,1,35001
43,Alley Resurfacing Menu,1600 N HALSTED ST,2022,26311.91,38069,census,"c(-87.648302601, 41.911721916)",43,19,43019
49,Miscellaneous Other,1600 W Birchwood Ave,2013,3228,42576,google,"c(-87.6706624, 42.0178417)",49,11,49011
49,Alley Resurfacing Menu,1600 W LUNT AVE,2022,14447.975,43018,census,"c(-87.670135051, 42.00905349)",49,38,49038
24,Miscellaneous CDOT Projects,1608 S TRUMBULL AVE,2022,150,21295,census,"c(-87.7115515359999, 41.8588099780001)",24,13,24013
24,Miscellaneous CDOT Projects,1610 S TRUMBULL AVE,2022,150,21295,census,"c(-87.7115511979999, 41.8587944240001)",24,13,24013
8,Alley Speed Hump Menu,1614 E 83RD PL,2021,350,6519,census,"c(-87.58434835, 41.7433166800001)",8,30,08030
12,Alley Resurfacing Menu,1614 W 33RD ST,2021,7005.23,10275,census,"c(-87.666284173, 41.83417782)",11,26,11026
26,Alley Resurfacing Menu,1615 N KEYSTONEAVE,2021,30151.565,23077,google,"c(-87.7273711, 41.9105902)",30,11,30011
26,Alley Resurfacing Menu,1615 N LOWELL AVE,2021,25154.14,23079,census,"c(-87.734888858, 41.9105443790001)",30,27,30027
29,Alley Resurfacing Menu,1645 N OAKPARK AVE,2021,21679.305,25451,census,"c(-87.79481556, 41.9101214880001)",36,44,36044
16,Pole Painting,16TH WARD,2007,291600,14017,google,"c(-87.6535081, 41.779493)",16,28,16028
16,Street Lighting,16TH WARD,2007,588200,14018,google,"c(-87.6535081, 41.779493)",16,28,16028
26,Alley Resurfacing Menu,1700 N PULASKI RD,2021,16466.03,23082,census,"c(-87.726399417, 41.9117991890001)",30,11,30011
15,Alley Resurfacing Menu,1714 W 47TH ST,2022,25913.175,13821,census,"c(-87.668001386, 41.8085828590001)",20,8,20008
34,Miscellaneous Other,1720 w Montvale,2012,955,29930,census,"c(-87.6648323909999, 41.688134946)",34,19,34019
49,Miscellaneous Other,1780 W LUNT AVE,2015,6000,42693,census,"c(-87.6757770149999, 42.008962207)",49,3,49003
49,Miscellaneous Other,1781 W LUNT AVE,2015,6000,42693,census,"c(-87.67497167, 42.008964539)",49,18,49018
25,Miscellaneous Other,18 th Street,2013,69300,21895,google,"c(-87.6809008, 41.8575972)",25,9,25009
40,Emerson; Green Briar; Gross; Mather Park - Basketball Court Upgrades; Green Briar; River Park - Pickleball Striping,1820 W GRANVILLE AVE,2022,40000,35451,google,"c(-87.6763356, 41.9946123)",50,34,50034
29,Alley Resurfacing Menu,1837 NNATOMA AVE,2022,22075.835,25543,google,"c(-87.7909663, 41.9138129)",36,21,36021
1,Alley Resurfacing Menu,1900 N MOZARTST,2022,12807.105,990,google,"c(-87.6984587, 41.9157861)",35,20,35020
29,Alley Resurfacing Menu,1900 N OAKPARK AVE,2022,21333.83,25544,census,"c(-87.7949671229999, 41.914594294)",36,16,36016
1,Alley Resurfacing Menu,1927 W RACE AVE,2021,18755.92,949,census,"c(-87.675224159, 41.8915704010001)",26,32,26032
25,Miscellaneous CDOT Projects,1942 S MAY ST,2021,660,22226,census,"c(-87.654789218, 41.8557158190001)",25,2,25002
43,Alley Resurfacing Menu,1944 N MAUD AVE,2022,5892.83,38070,census,"c(-87.656077387, 41.916719926)",32,51,32051
1,2 LPR on Existing Cameras: 1933 N Milwaukee; 1955 N Damen,1955 N DAMEN AVE,2021,10971,943,census,"c(-87.67759871, 41.9173401)",32,31,32031
28,Street Light Upgrade Menu,201 S WHIPPLE ST,2021,625,24774,census,"c(-87.702369824, 41.878354222)",28,50,28050
25,Miscellaneous CDOT Projects,2030 S BLUE ISLAND AVE,2022,660,22278,census,"c(-87.663887632, 41.854668669)",25,7,25007
49,Alley Resurfacing Menu,2050 W BIRCHWOODAVE,2022,29439.1,43021,google,"c(-87.6825002, 42.0181208)",49,24,49024
29,Sidewalk Menu,2056 N NEVA AVE,2022,12616.335,25573,census,"c(-87.804216549, 41.9174379130001)",36,45,36045
43,POD Camera,2100 N Howe,2008,24000,37352,google,"c(-87.644717, 41.9200491)",43,7,43007
36,Sidewalk Menu,2105 N MERRIMAC AVE,2021,7650.61,32167,census,"c(-87.78162121, 41.918575311)",29,39,29039
43,Alley Resurfacing Menu,2113 N CLIFTONAVE,2022,18228.34,38068,google,"c(-87.6568264, 41.9203493)",32,50,32050
36,Sidewalk Menu,2186 N MERRIMAC AVE,2021,7650.61,32167,census,"c(-87.781692413, 41.9204144)",29,39,29039
36,Alley Apron Menu,2201 N NATCHEZ AVE,2021,11380.155,32131,census,"c(-87.787775137, 41.920053791)",36,4,36004
36,Sidewalk Menu,2203 N MOBILE AVE,2022,15306.275,32245,census,"c(-87.782908828, 41.9207011660001)",29,39,29039
36,Alley Resurfacing Menu,2208 N MERRIMAC AVE,2021,10935.67,32134,census,"c(-87.781708639, 41.920951491)",29,39,29039
36,Sidewalk Menu,2215 N MOBILE AVE,2021,3973.18,32171,census,"c(-87.782911386, 41.920783032)",29,39,29039
32,Alley Resurfacing Menu,2219 N SEELEY AVE,2021,9633.46333333333,28605,census,"c(-87.6789941819999, 41.921854351)",32,28,32028
36,Alley Resurfacing Menu,2235 N KEATINGAVE,2022,23096.295,32205,google,"c(-87.7447465, 41.9217192)",31,42,31042
36,Sidewalk Menu,2245 N KEATING AVE,2021,3881.74333333333,32172,census,"c(-87.745005238, 41.921438009)",31,42,31042
36,Sidewalk Menu,2246 N KEATING AVE,2021,3881.74333333333,32172,census,"c(-87.745020659, 41.921469115)",31,42,31042
22,Alley Resurfacing Menu,2257 S DRAKE AVE,2022,15529.735,19183,census,"c(-87.713729251, 41.850379193)",22,18,22018
2,Sidewalk Menu,230 ELAKE SHORE DR,2021,10623.155,2426,google,"c(-87.6211458, 41.9006338)",42,29,42029
36,Sidewalk Menu,2300 N OAK PARK AVE,2022,1720.038,32254,census,"c(-87.795175381, 41.9212674950001)",36,22,36022
31,Alley Resurfacing Menu,2300 N TRIPP AVE,2022,27015.33,27748,census,"c(-87.7328408659999, 41.9226873970001)",31,36,31036
32,Alley Resurfacing Menu,2300 W NELSON ST,2021,14557.45,28602,census,"c(-87.6856095099999, 41.9367561760001)",1,42,01042
36,Sidewalk Menu,2312 N OAK PARK AVE,2022,1720.038,32254,census,"c(-87.7951831459999, 41.921573376)",36,22,36022
31,Floodlight Menu,2314 N LOCKWOOD AVE,2022,950,27761,census,"c(-87.7585626329999, 41.9225258720001)",37,1,37001
36,Sidewalk Menu,2350 N OAK PARK AVE,2022,1720.038,32254,census,"c(-87.795213825, 41.9225008780001)",36,2,36002
24,Miscellaneous-BOE,24 th Ward DSS office-1817 S Pulaski,2007,31850,20761,google,"c(-87.7245389, 41.85645)",24,31,24031
28,Alley Speed Hump Menu,240- 268 N HAMLIN BLVD,2016,1400,24567,census,"c(-87.720910358, 41.8846476590001)",28,37,28037
33,Street Speed Hump Menu,2400 W FLETCHER ST,2022,1175,29451,census,"c(-87.6887753249999, 41.9385168200001)",1,7,01007
31,Street Light Upgrade Menu,2415 N LOTUS AVE,2022,500,27778,census,"c(-87.762314137, 41.924760328)",30,19,30019
7,Street Light Upgrade Menu,2424 E 103RD ST,2021,500,5745,census,"c(-87.565370803, 41.70809546)",10,6,10006
31,Street Light Upgrade Menu,2434 N LOTUS AVE,2022,500,27777,census,"c(-87.762337138, 41.924994343)",30,19,30019
47,Street Light Upgrade Menu,2447 W CUYLER AVE,2021,500,41322,census,"c(-87.678464332, 41.9550954100001)",47,12,47012
31,Street Light Upgrade Menu,2457 N LOTUS AVE,2022,500,27778,census,"c(-87.7623317219999, 41.9252523690001)",30,19,30019
31,Street Light Upgrade Menu,2458 N LOTUS AVE,2022,500,27777,census,"c(-87.762347343, 41.9252754890001)",30,19,30019
26,Miscellaneous - Paseo Boriqua Medalli,2459 W Division,2005,8250,22358,census,"c(-87.688798622, 41.902995837)",26,41,26041
31,Street Resurfacing Menu,2500 N LARAMIE AVE,2021,7252.48375,27730,census,"c(-87.756222669, 41.926038755)",31,10,31010
14,Sidewalk Menu,2503 W 50TH ST,2022,2067.95,12964,census,"c(-87.686900854, 41.8029291660001)",14,17,14017
30,Sidewalk Menu,2519 N MANGO AVE,2022,5770.555,26756,census,"c(-87.769707169, 41.9261777510001)",30,6,30006
31,Street Light Upgrade Menu,2524 N LARAMIE AVE,2021,750,27729,census,"c(-87.7562474979999, 41.926743107)",31,10,31010
43,In-Road State Law Stop For Pedestrians Sign Menu,2530 N CLARK ST,2022,175,38089,census,"c(-87.642253118, 41.928560557)",43,33,43033
28,Sidewalk Menu,2534 W LEXINGTON ST,2021,20374.675,24770,census,"c(-87.6898091469999, 41.872041575)",2,39,02039
31,Street Light Upgrade Menu,2556 N LARAMIE AVE,2021,750,27729,census,"c(-87.756268314, 41.9272461150001)",31,10,31010
31,Street Light Upgrade Menu,2557 N LOCKWOOD AVE,2021,750,27729,census,"c(-87.758716659, 41.927343831)",31,10,31010
26,Alley Resurfacing Menu,2600 W EVERGREEN AVE,2021,20045.37,23085,census,"c(-87.692217326, 41.9057178240001)",26,50,26050
26,Alley Speed Hump Menu,2606 W DIVISIONST,2021,1400,23092,google,"c(-87.6923378, 41.9031848)",26,35,26035
10,Sidewalk Menu,2617 E 108TH ST,2021,1455.29666666667,8426,census,"c(-87.560625575, 41.699146564)",10,40,10040
11,Concrete Alley Menu,2628 S THROOP ST,2021,33500,9265,census,"c(-87.655579503, 41.845178886)",11,1,11001
30,Sidewalk Menu,2629 N MANGO AVE,2022,4471.96333333333,26758,census,"c(-87.769776639, 41.92816227)",30,14,30014
30,Sidewalk Menu,2635 N MANGO AVE,2022,4471.96333333333,26758,census,"c(-87.7697797439999, 41.9282561280001)",30,14,30014
40,Emerson; Green Briar; Gross; Mather Park - Basketball Court Upgrades; Green Briar; River Park - Pickleball Striping,2650 W PETERSON AVE,2022,40000,35451,census,"c(-87.695843989, 41.9904707250001)",50,29,50029
43,In-Road State Law Stop For Pedestrians Sign Menu,2717 N CLARK ST,2022,350,38090,census,"c(-87.6445101309999, 41.93176199)",43,45,43045
36,Sidewalk Menu,2723 N RUTHERFORD AVE,2022,3716.2325,32256,census,"c(-87.794193891, 41.9295678030001)",36,19,36019
31,Street Resurfacing Menu,2724 N RIDGEWAY AVE,2021,7252.48375,27730,census,"c(-87.720823148, 41.9304482430001)",35,21,35021
36,Sidewalk Menu,2726 NRUTHERFORD AVE,2022,3716.2325,32256,google,"c(-87.7944965, 41.9299529)",36,19,36019
26,Miscellaneous - Paseo Boriqua Medalli,2733 W Division,2005,8250,22358,census,"c(-87.695625687, 41.9029311950001)",26,31,26031
26,Miscellaneous - Paseo Boriqua Medalli,2739 W Division,2005,8250,22358,census,"c(-87.695827325, 41.902929274)",26,31,26031
36,Sidewalk Menu,2744 N OAK PARK AVE,2022,4271.835,32257,census,"c(-87.795442808, 41.9298978)",36,19,36019
43,Alley Resurfacing Menu,2748 NMILDRED AVE,2022,24217.74,38071,google,"c(-87.6516418, 41.9322937)",43,22,43022
36,Sidewalk Menu,2749 N RUTHERFORD AVE,2022,3716.2325,32256,census,"c(-87.7942058529999, 41.9299745340001)",36,19,36019
22,Alley Apron Menu,2800 SMILLARD AVE,2022,10223.4,19175,google,"c(-87.7161778, 41.8405557)",22,26,22026
22,Sidewalk Menu,2800 SRIDGEWAY AVE,2022,5740.82,19221,google,"c(-87.718611, 41.840509)",22,3,22003
31,Alley Resurfacing Menu,2813 N KOSTNERAVE,2022,23782.625,27746,google,"c(-87.7367988, 41.9321688)",31,30,31030
44,Alley Resurfacing Menu,2817 NCLARK ST,2021,4736.0575,38846,google,"c(-87.6450851, 41.9334738)",44,45,44045
12,Alley Apron Menu,2817 W 40TH ST,2021,8111.32,10259,census,"c(-87.695610877, 41.8209975570001)",14,7,14007
31,Street Light Upgrade Menu,2821 N LONG AVE,2022,500,27779,census,"c(-87.761349421, 41.932106807)",31,29,31029
31,Street Light Upgrade Menu,2825 N LONG AVE,2022,500,27779,census,"c(-87.761351812, 41.9321617910001)",31,29,31029
11,Street Speed Hump Menu,2830 S LOCK ST,2021,1175,9307,census,"c(-87.6624855109999, 41.841579761)",11,1,11001
18,Speed Indicator Signs,2832 W 83RD ST,2021,12500,16163,census,"c(-87.6937776139999, 41.742642549)",18,35,18035
31,Street Light Upgrade Menu,2845 N LONG AVE,2022,500,27779,census,"c(-87.761365656, 41.9324841990001)",31,29,31029
44,Alley Resurfacing Menu,2848 NSHEFFIELD AVE,2021,14166.11,38854,google,"c(-87.654194, 41.9340672)",44,40,44040
36,Sidewalk Menu,2850 N NEW ENGLAND AVE,2021,4581.94,32174,census,"c(-87.797956044, 41.9320055310001)",36,14,36014
11,Street Light Upgrade Menu,2855 S HILLOCKAVE,2022,4833.33333333333,9367,google,"c(-87.6610174, 41.842811)",11,1,11001
11,Street Light Upgrade Menu,2879 S HILLOCK AVE,2022,4833.33333333333,9367,census,"c(-87.6614675389999, 41.8428299540001)",11,1,11001
36,Concrete Alley Menu,2900 NNEWCASTLE AVE,2022,4561.14,32223,google,"c(-87.7970607, 41.9328242)",36,14,36014
31,Alley Resurfacing Menu,2901 N KILPATRICK AVE,2021,16176.27,27700,census,"c(-87.744211768, 41.9335370320001)",31,6,31006
14,Sidewalk Menu,2924 W 55TH ST,2021,4924.675,12940,census,"c(-87.697214736, 41.7936369270001)",14,21,14021
31,Street Resurfacing Menu,2930 N PARKSIDE AVE,2021,7252.48375,27730,census,"c(-87.7675503409999, 41.933704543)",31,15,31015
31,Sidewalk Menu,2938 N KEATING AVE,2022,5588.01,27763,census,"c(-87.745433388, 41.9341150820001)",31,6,31006
11,Street Light Upgrade Menu,2955 S UNION AVE,2021,500,9288,census,"c(-87.643909057, 41.8407310760001)",11,47,11047
31,Street Light Upgrade Menu,2959 N LONG AVE,2022,500,27780,census,"c(-87.761443781, 41.9346366340001)",31,43,31043
26,Miscellaneous-BOE,3 KING FESTIVAL,2006,85000,22422,google,"c(-87.745966, 41.8912096)",28,27,28027
15,Sidewalk Menu,3000 W 47TH ST,2021,27521.68,13802,census,"c(-87.699188692, 41.8082074070001)",14,30,14030
31,Alley Resurfacing Menu,3001 N LINDER AVE,2022,20670.305,27747,census,"c(-87.763913289, 41.9351088020001)",31,3,31003
11,Alley Speed Hump Menu,3001 S CANAL ST,2022,466.666666666667,9322,census,"c(-87.637788756, 41.839868353)",11,43,11043
33,Miscellaneous CDOT Projects,3001 W IRVING PARK RD,2022,2600,29426,census,"c(-87.703224819, 41.9539471240001)",33,6,33006
36,Concrete Alley Menu,3007 NNEW ENGLAND AVE,2021,20268.9,32154,google,"c(-87.7977634, 41.9347867)",36,50,36050
31,Street Light Upgrade Menu,3010 N LAVERGNE AVE,2021,750,27729,census,"c(-87.751667003, 41.9354704610001)",31,9,31009
44,Alley Apron Menu,3014 N CLIFTON AVE,2021,9603.075,38839,census,"c(-87.657658226, 41.9369604090001)",44,27,44027
31,Street Resurfacing Menu,3016 N PARKSIDE AVE,2021,7252.48375,27730,census,"c(-87.767606487, 41.9353097210001)",31,15,31015
28,Street Light Upgrade Menu,3023 W FIFTH AVE,2021,500,24775,census,"c(-87.701968219, 41.879496186)",28,50,28050
36,Sidewalk Menu,3024 N NEWCASTLE AVE,2021,2809.58,32177,census,"c(-87.7968310859999, 41.9350297570001)",36,50,36050
36,Miscellaneous CDOT,3030 N MOBILE AVE,2015,16666.6666666667,31857,google,"c(-87.7834044, 41.935833)",36,17,36017
31,Street Light Upgrade Menu,3038 N CENTRAL AVE,2021,750,27729,census,"c(-87.766401673, 41.9356832130001)",31,15,31015
31,Street Light Upgrade Menu,3058 N CENTRAL AVE,2021,750,27729,census,"c(-87.7664133709999, 41.936002574)",31,15,31015
31,Street Resurfacing Menu,3108 N LOCKWOOD AVE,2021,7252.48375,27730,census,"c(-87.759074912, 41.937022868)",30,17,30017
29,Street Light Upgrade Menu,3108 N SAYRE AVE,2021,250,25506,census,"c(-87.801178675, 41.936704863)",36,50,36050
12,2 LPR on Existing Cameras: 1586 W 33rd St; 3109 S Archer Ave,3109 S ARCHER AVE,2021,10971,10256,census,"c(-87.666019929, 41.8375086460001)",11,26,11026
44,Alley Apron Menu,3114 N CLIFTON AVE,2021,8447.15,38840,census,"c(-87.657702818, 41.938316908)",44,10,44010
31,Street Light Upgrade Menu,3116 N LOTUS AVE,2021,750,27729,census,"c(-87.76277449, 41.937097185)",30,17,30017
31,Street Light Upgrade Menu,3122 N CENTRAL AVE,2021,500,27728,census,"c(-87.7664586289999, 41.9372920380001)",30,17,30017
44,Alley Apron Menu,3147 N CAMBRIDGE AVE,2021,5994.52,38841,census,"c(-87.643148137, 41.9391001870001)",44,30,44030
22,Sidewalk Menu,3201 SKEDVALE AVE,2022,5683.31,19222,google,"c(-87.7276701, 41.8349028)",22,16,22016
31,Street Light Upgrade Menu,3237 N LAVERGNE AVE,2021,750,27729,census,"c(-87.751816336, 41.939857083)",30,9,30009
28,Sidewalk Menu,324 S LEAMINGTON AVE,2021,7993.305,24767,census,"c(-87.753395032, 41.8759531310001)",28,17,28017
11,Alley Resurfacing Menu,3242 S CANAL ST,2021,19374.915,9259,census,"c(-87.637695472, 41.8355356220001)",11,39,11039
36,Alley Resurfacing Menu,3258 N NORMANDY AVE,2021,9387.26666666667,32132,census,"c(-87.793308528, 41.9394445290001)",36,13,36013
22,Street Bump Outs Menu,3259 S PULASKI RD,2022,8962.43,19223,census,"c(-87.724279227, 41.8340206570001)",22,12,22012
11,Alley Resurfacing Menu,329 W 24TH PL,2021,8599.44,9258,census,"c(-87.635751726, 41.8481937450001)",25,14,25014
31,Street Light Upgrade Menu,3303 N LAMON AVE,2021,750,27729,census,"c(-87.749386789, 41.940722701)",38,24,38024
31,Street Light Upgrade Menu,3305 N LAVERGNE AVE,2021,750,27729,census,"c(-87.751840366, 41.9407555940001)",38,24,38024
36,Curb & Gutter Menu,3307 N NEWLAND AVE,2021,3924.855,32162,census,"c(-87.7994642739999, 41.9401683520001)",36,46,36046
39,Eugene Fields and Hollywood Parks Tennis Courts Rehabilitation,3312 W THORNDALE AVE,2022,32500,34659,census,"c(-87.712203247, 41.988487692)",39,17,39017
26,Alley Resurfacing Menu,3400 W EVERGREEN AVE,2021,19547.65,23084,census,"c(-87.711810653, 41.905522466)",26,9,26009
12,Street Light Upgrade Menu,3401 W 38TH ST,2021,500,10316,census,"c(-87.70944937, 41.8243242230001)",12,11,12011
26,Alley Resurfacing Menu,3410 W PIERCE AVE,2021,18468.11,23089,census,"c(-87.712286853, 41.90913368)",26,49,26049
36,Miscellaneous CDOT,3425 N MAJOR AVE,2015,16666.6666666667,31857,census,"c(-87.769074551, 41.9427837850001)",38,17,38017
11,Concrete Alley Menu,3439 S LOWE AVE,2021,47483.35,9266,census,"c(-87.642477992, 41.8323281940001)",11,23,11023
11,Concrete Alley Menu,3439 S LOWE AVE,2022,143017,9331,census,"c(-87.642477992, 41.8323281940001)",11,23,11023
31,Speed Indicator Signs,3451 N LARAMIE AVE,2022,6192.80333333333,27776,census,"c(-87.756843325, 41.94377437)",38,37,38037
44,Sidewalk Menu,3478 N CLARK ST,2021,24712.62,38875,census,"c(-87.6549519499999, 41.9452538520001)",44,38,44038
25,POD Camera,348 W 24 thPl,2007,24000,21513,google,"c(-87.6365591, 41.8481874)",25,14,25014
26,Alley Resurfacing Menu,3500 W ARMITAGEAVE,2022,16728.465,23152,google,"c(-87.7137128, 41.9175273)",26,26,26026
26,Alley Resurfacing Menu,3501 W LEMOYNE ST,2022,39467.915,23156,census,"c(-87.7144936939999, 41.908193555)",26,18,26018
30,Sidewalk Menu,3504 N KILPATRICK AVE,2022,4204.4575,26769,census,"c(-87.743947503, 41.94482298)",30,30,30030
30,Sidewalk Menu,3505 N KILPATRICK AVE,2022,4204.4575,26769,census,"c(-87.743932765, 41.9448232030001)",30,30,30030
44,Alley Apron Menu,3515 N LAKEWOOD AVE,2021,6039.24,38842,census,"c(-87.661550569, 41.9457757420001)",44,11,44011
12,Street Light Upgrade Menu,3517 S MARSHFIELD AVE,2021,500,10316,census,"c(-87.6667059499999, 41.8296666460001)",11,29,11029
30,Sidewalk Menu,3525 NKILPATRICK AVE,2022,4204.4575,26769,google,"c(-87.7436634, 41.9454703)",30,30,30030
12,Sidewalk Menu,3532 S WOOD ST,2021,1834.11333333333,10303,census,"c(-87.670380708, 41.829492617)",11,2,11002
39,POD Camera,3532 W Lawrence,2007,12000,34082,census,"c(-87.7172648279999, 41.968369523)",39,22,39022
12,Sidewalk Menu,3533 S WOOD ST,2021,1834.11333333333,10303,census,"c(-87.670369647, 41.829641909)",11,29,11029
31,Street Light Upgrade Menu,3535 N LAVERGNE AVE,2021,750,27729,census,"c(-87.751949872, 41.944600538)",38,24,38024
33,Miscellaneous CDOT Projects,3537 W LAWRENCE AVE,2022,2600,29426,census,"c(-87.717246747, 41.9683588570001)",33,27,33027
12,POD Camera,3558 S California,2007,18000,9588,census,"c(-87.694793155, 41.8289261840001)",12,2,12002
30,Alley Resurfacing Menu,3570 N MILWAUKEEAVE,2021,36430.66,26670,google,"c(-87.7345854, 41.945506)",30,13,30013
36,Miscellaneous-Other,36 th ward library,2007,500000,31585,google,"c(-87.7899672, 41.9257801)",36,3,36003
23,Alley Speed Hump Menu,3607 W 61ST ST,2022,1050,20564,census,"c(-87.71344368, 41.7824418430001)",13,20,13020
44,Alley Apron Menu,3614 N WILTON AVE,2021,10950.52,38843,census,"c(-87.653146788, 41.9479901980001)",44,28,44028
26,Alley Resurfacing Menu,3615 WDICKENS AVE,2022,23288.325,23153,google,"c(-87.7174288, 41.9191056)",26,24,26024
47,Street Light Upgrade Menu,3634 N WESTERN AVE,2021,500,41323,census,"c(-87.6882812599999, 41.9474187050001)",47,9,47009
23,Alley Apron Menu,3655 W 60TH PL,2022,9899.33333333333,20552,census,"c(-87.714502416, 41.7833333780001)",13,20,13020
23,Alley Apron Menu,3700 W 58TH ST,2022,7864.03,20555,census,"c(-87.715853044, 41.787873231)",14,1,14001
23,Alley Apron Menu,3701 W 60TH PL,2021,8208.67,20478,census,"c(-87.715720719, 41.7833157650001)",13,20,13020
12,Sidewalk Menu,3712 S HONORE ST,2021,3269.635,10307,census,"c(-87.67151468, 41.8264496130001)",11,6,11006
44,Alley Resurfacing Menu,3717 N RACINE AVE,2021,9723.235,38852,census,"c(-87.659217165, 41.9495486860001)",44,32,44032
44,Curb & Gutter Menu,3719 NLAKEWOOD AVE,2021,11836.46,38868,google,"c(-87.6613624, 41.9495796)",44,32,44032
31,Alley Apron Menu,3725 WWRIGHTWOOD AVE,2021,5888.08,27694,google,"c(-87.7205836, 41.9279952)",35,2,35002
33,Street Light Upgrade Menu,3738 N SACRAMENTO AVE,2021,500,29374,census,"c(-87.703003687, 41.9492342510001)",33,22,33022
24,Alley Resurfacing Menu,3752 W 16TH ST,2022,15895.61,21277,census,"c(-87.719519194, 41.8589319710001)",24,34,24034
23,Alley Apron Menu,3759 W 57TH PL,2022,9174.38333333333,20557,census,"c(-87.7170956099999, 41.7887548030001)",14,1,14001
35,Floodlight Menu,3812 W WILSON AVE,2021,950,31259,census,"c(-87.7231439509999, 41.96465722)",39,24,39024
12,POD Camera,3825 California,2008,15000,9631,google,"c(-87.6963543, 41.8842052)",27,36,27036
12,Alley Resurfacing Menu,3844 S HONORE ST,2022,3474.725,10348,census,"c(-87.671450103, 41.824320679)",11,6,11006
26,Sidewalk Menu,3901 W LE MOYNE ST,2022,3742.22666666667,23180,census,"c(-87.724083051, 41.9080922690001)",30,26,30026
35,Street Light Upgrade Menu,3933 N BERNARD ST,2021,500,31299,census,"c(-87.714064703, 41.952491756)",35,26,35026
43,Curb & Gutter Menu,400 W DEMING PL,2021,13727.88,38041,census,"c(-87.639375764, 41.9296652740001)",43,12,43012
47,Street Bump Outs Menu,4015 N ROCKWELL ST,2021,6654.7275,41312,census,"c(-87.693224076, 41.954286831)",47,16,47016
26,Alley Resurfacing Menu,4016 W KAMERLINGAVE,2021,22575.86,23087,google,"c(-87.7268195, 41.9053734)",27,30,27030
47,Street Bump Outs Menu,4045 N ROCKWELL ST,2021,6654.7275,41312,census,"c(-87.693241316, 41.954861355)",47,16,47016
4,Chicago Park District,41 st St. Beach House,2009,290000,3348,google,"c(-87.6841534, 41.8193398)",12,19,12019
4,Chicago Park District,41 st Street Beach House,2010,250000,3375,google,"c(-87.6841534, 41.8193398)",12,19,12019
24,5 POD Camera + 5 LPR Existing Cameras: Various Locations,4100 W ARTHINGTON ST,2021,33552.8,21217,census,"c(-87.728416827, 41.8699947010001)",24,32,24032
26,Alley Resurfacing Menu,4101 W NORTH AVE,2022,18309.04,23157,census,"c(-87.729118878, 41.9098295140001)",30,16,30016
47,Street Bump Outs Menu,4121 N ROCKWELL ST,2021,6654.7275,41312,census,"c(-87.693281978, 41.9562923550001)",47,16,47016
18,Speed Indicator Signs,4139 W 79TH ST,2021,14000,16166,census,"c(-87.725279429, 41.749438157)",13,21,13021
46,Speed Indicator Signs,4140 N MARINE DR,2022,7000,40288,census,"c(-87.646255104, 41.9575688680001)",46,39,46039
12,POD Camera,4200 California,2008,15000,9631,google,"c(-87.7280098, 41.7913459)",13,15,13015
35,Miscellaneous CDOT Projects,4201 N ST LOUIS AVE,2021,660,31283,census,"c(-87.71546956, 41.9576077780001)",33,19,33019
22,Street Speed Hump Menu,4210 W 25TH ST,2021,1175,19162,census,"c(-87.7297352859999, 41.8460167610001)",22,23,22023
18,Speed Indicator Signs,4260 W 79TH PL,2021,14000,16166,census,"c(-87.728926945, 41.7488751550001)",13,11,13011
46,Concrete Alley Menu,4300 N MARINEDR,2021,1686.78,40230,google,"c(-87.6471009, 41.9613116)",46,33,46033
46,Concrete Alley Menu,4300 N MARINEDR,2022,29028.735,40271,google,"c(-87.6471009, 41.9613116)",46,33,46033
37,Alley Resurfacing Menu,4300 W AUGUSTABLVD,2021,18809.065,33008,google,"c(-87.733763, 41.8991142)",37,28,37028
24,Alley Speed Hump Menu,4300 W CULLERTON ST,2021,700,21234,census,"c(-87.732297116, 41.854314888)",24,1,24001
26,Sidewalk Menu,4305 W LE MOYNE ST,2021,51631.255,23116,census,"c(-87.733993707, 41.9076591900001)",37,42,37042
13,Bollard Menu,4308 W MARQUETTE RD,2021,2495.11,11394,census,"c(-87.730324584, 41.7712882230001)",13,5,13005
15,Alley Apron Menu,4312 S ARTESIAN AVE,2022,11398.045,13811,census,"c(-87.685890183, 41.8150072980001)",12,19,12019
33,Alley Resurfacing Menu,4313 N MOZARTST,2021,15885.36,29330,google,"c(-87.6993812, 41.9598825)",33,23,33023
39,Miscellaneous Other,4321 W Peterson Ave,2012,264865,34287,census,"c(-87.737205753, 41.99002454)",39,37,39037
22,Arterial Street Bump Outs Menu,4332 W 26TH ST,2021,31861.26,19139,census,"c(-87.731784492, 41.8441588850001)",22,6,22006
22,Arterial Street Bump Outs Menu,4332 W 26TH ST,2022,15779.715,19195,census,"c(-87.731784492, 41.8441588850001)",22,6,22006
33,Street Light Upgrade Menu,4338 N FRANCISCO AVE,2021,500,29374,census,"c(-87.700878774, 41.959966482)",33,23,33023
3,Miscellaneous CDOT Projects,435 E 43RD ST,2021,75,3110,census,"c(-87.6162623499999, 41.816636009)",3,16,03016
22,Street Resurfacing Menu,4400 S LAWLER AVE,2022,26653.55,19230,census,"c(-87.74941219, 41.8125148460001)",23,21,23021
46,Alley Speed Hump Menu,4417 N BEACONST,2021,350,40225,google,"c(-87.6633982, 41.9622677)",46,12,46012
39,Speed Indicator Signs,4418 W FOSTER AVE,2021,5500,34632,google,"c(-87.7384218, 41.9756551)",39,11,39011
46,Speed Indicator Signs,4420 N BEACON ST,2022,5500,40289,census,"c(-87.6637446089999, 41.9621245780001)",46,12,46012
46,Miscellaneous CDOT Projects,4438 N RACINE AVE,2021,16398.165,40234,census,"c(-87.65961385, 41.96339662)",46,12,46012
15,Alley Apron Menu,4444 S ARTESIAN AVE,2021,11107.7,13739,census,"c(-87.6858411379999, 41.813216981)",12,3,12003
33,Street Speed Hump Menu,4500 NRICHMOND ST,2022,2350,29448,google,"c(-87.7021793, 41.9630544)",33,24,33024
12,POD Camera,4500 Talman,2008,15000,9631,google,"c(-87.6909848, 41.8118458)",12,4,12004
46,Sidewalk Menu,4545 N BROADWAY,2021,6885.77,40241,census,"c(-87.657020345, 41.964707391)",46,38,46038
46,Sidewalk Menu,4545 N BROADWAY,2022,15207.37,40279,census,"c(-87.657020345, 41.964707391)",46,38,46038
2,Alley Resurfacing Menu,455 W NORTHAVE,2022,16638.72,2464,google,"c(-87.6408101, 41.9108133)",43,37,43037
31,Sidewalk Menu,4558 W SCHUBERT AVE,2022,7363.13,27765,census,"c(-87.7412468639999, 41.9295877610001)",31,7,31007
33,Miscellaneous CDOT Projects,4600 N KIMBALL AVE,2022,2600,29426,census,"c(-87.71325727, 41.9647412400001)",33,27,33027
14,Alley Resurfacing Menu (1-1),4600 S CHRISTIANA AVE,2021,18579.545,12900,census,"c(-87.707623833, 41.8097904420001)",14,20,14020
15,Alley Resurfacing Menu,4600 SHONORE ST,2022,17912.5466666667,13817,google,"c(-87.6714177, 41.8102161)",20,21,20021
15,Alley Resurfacing Menu,4601 SWINCHESTER AVE,2022,18914.01,13818,google,"c(-87.6731569, 41.8102371)",20,21,20021
4,POD Camera,4659 S Cottage Grove,2007,24000,3295,census,"c(-87.606577901, 41.8106128160001)",4,26,04026
37,Alley Resurfacing Menu,4719 WGRAND AVE,2021,41000,33007,google,"c(-87.7443187, 41.9130435)",37,2,37002
14,Sidewalk Menu,4743 S KOLIN AVE,2022,4616.86666666667,12974,census,"c(-87.7321122549999, 41.806742382)",23,5,23005
14,Sidewalk Menu,4747 S KOLIN AVE,2022,4616.86666666667,12974,census,"c(-87.7321107769999, 41.8066930420001)",23,5,23005
20,Alley Speed Hump Menu,4758 S RACINE AVE,2021,1050,17490,census,"c(-87.655213942, 41.807251465)",3,19,03019
31,Street Resurfacing Menu,4800- 4832 W NEWPORT AVE,2020,8977.735,27680,census,"c(-87.748439705, 41.9433758420001)",38,24,38024
33,Miscellaneous CDOT Projects,4801 N CENTRAL PARK AVE,2022,2600,29426,census,"c(-87.718247166, 41.96838826)",39,22,39022
33,Miscellaneous CDOT Projects,4801 N STLOUIS AVE,2022,2600,29426,census,"c(-87.7157997049999, 41.9684164670001)",39,22,39022
3,Alley Speed Hump Menu,4810 S INDIANA AVE,2022,350,3176,census,"c(-87.621162198, 41.8071901640001)",3,35,03035
31,Street Light Upgrade Menu,4812 W NEWPORT AVE,2021,750,27729,census,"c(-87.74811385, 41.9433799770001)",38,24,38024
40,Sidewalk Menu,4820 N WASHTENAW AVE,2022,1217.80666666667,35458,census,"c(-87.696294692, 41.9699250300001)",40,6,40006
14,Alley Resurfacing Menu,4822 S RIDGEWAY AVE,2021,14756.98,12903,census,"c(-87.7173795699999, 41.805107992)",14,13,14013
4,Speed Indicator Signs,4825 S DREXEL BLVD,2022,8333.33333333333,3827,census,"c(-87.603837109, 41.8072279670001)",4,40,04040
30,Sidewalk Menu,4834 W WAVELAND AVE,2022,3989.935,26772,census,"c(-87.748296082, 41.9479496280001)",45,1,45001
31,Street Light Upgrade Menu,4858 W MELROSE ST,2021,750,27729,census,"c(-87.7485877679999, 41.9397249620001)",30,9,30009
6,Sidewalk Menu,49 W 77TH PL,2022,5052.88,5041,census,"c(-87.626557073, 41.7536463610001)",6,19,06019
48,Alley Resurfacing Menu,4900 N SHERIDAN RD,2022,7888.115,42214,census,"c(-87.654890962, 41.971722347)",46,40,46040
37,Sidewalk Menu,4900 W POTOMAC AVE,2021,4936.765,33017,census,"c(-87.7486556329999, 41.904148467)",37,43,37043
37,Alley Resurfacing Menu,4900 W WALTON ST,2022,2056.635,33070,census,"c(-87.748514557, 41.897730305)",37,20,37020
3,Alley Resurfacing Menu,4906 S INDIANA AVE,2022,23593.905,3167,census,"c(-87.621116795, 41.805431578)",3,40,03040
33,Street Speed Hump Menu,4917 N DRAKEAVE,2021,2350,29392,google,"c(-87.7167801, 41.9707806)",39,12,39012
48,Miscellaneous Other,4919 N Winthrop Ave,2013,10325,41716,census,"c(-87.657688567, 41.9719465910001)",48,35,48035
31,Street Light Upgrade Menu,4923 W BARRY AVE,2022,500,27782,census,"c(-87.749922789, 41.9369572320001)",31,9,31009
33,Sidewalk Menu,4925 N MONTICELLO AVE,2022,11360.8233333333,29438,census,"c(-87.719529385, 41.970677197)",39,12,39012
5,Street Bump Outs Menu,4930 S CORNELL AVE,2021,5878.425,4461,census,"c(-87.586499654, 41.8049567680001)",4,48,04048
45,POD Camera,4956 Bell Plaine Ave,2007,24000,39084,census,"c(-87.7508659549999, 41.9552038)",45,31,45031
33,Sidewalk Menu,4957 N MONTICELLO AVE,2022,11360.8233333333,29438,census,"c(-87.719544075, 41.971176653)",39,12,39012
31,Street Light Upgrade Menu,5000 W FLETCHER ST,2021,750,27729,census,"c(-87.751951902, 41.9378568180001)",30,9,30009
39,Miscellaneous CDOT Projects,5001 N PULASKI RD,2021,2537.5,34625,census,"c(-87.728167597, 41.973567765)",39,29,39029
29,Alley Speed Hump Menu,5045 WGLADYS AVE,2022,1400,25552,google,"c(-87.7510929, 41.8755636)",29,3,29003
40,Emerson; Green Briar; Gross; Mather Park - Basketball Court Upgrades; Green Briar; River Park - Pickleball Striping,5100 N FRANCISCO AVE,2022,40000,35451,census,"c(-87.701305379, 41.974040163)",40,17,40017
23,Speed Indicator Signs,5185 S ARCHER AVE,2021,11000,20518,census,"c(-87.7338305649999, 41.800088299)",23,41,23041
37,Street Resurfacing Menu,5200 N LARAMIE AVE,2022,53917.925,33097,census,"c(-87.7577960409999, 41.9757896410001)",45,35,45035
16,POD Camera,5200 S Ada,2006,24000,13947,google,"c(-87.6586501, 41.7995761)",16,18,16018
31,Alley Speed Hump Menu,5218 WDIVERSEY AVE,2022,700,27752,google,"c(-87.7572473, 41.931589)",31,45,31045
31,Street Resurfacing Menu,5219 W WRIGHTWOOD AVE,2021,7252.48375,27730,census,"c(-87.757325207, 41.9277599600001)",31,10,31010
14,Sidewalk Menu,5220 S NATOMA AVE,2022,9960.42,12987,census,"c(-87.788063638, 41.7973065470001)",23,16,23016
3,Miscellaneous CDOT Projects,5221 S WABASH AVE,2021,133.065,3114,census,"c(-87.6242000089999, 41.7993976880001)",3,27,03027
31,Street Light Upgrade Menu,5236 W SCHOOL ST,2021,750,27729,census,"c(-87.757701341, 41.9405213260001)",38,2,38002
29,Alley Resurfacing Menu,5255 WJACKSON BLVD,2022,20831.59,25549,google,"c(-87.757055, 41.8764)",29,14,29014
14,Sidewalk Menu,5258 S MULLIGAN AVE,2022,13315.12,12991,census,"c(-87.780729697, 41.796817596)",23,14,23014
23,Alley Apron Menu,5258 S SAYRE AVE,2021,14086.015,20479,census,"c(-87.7965831829999, 41.796603164)",23,13,23013
31,Sidewalk Menu,5259 WOAKDALE AVE,2022,3721.4,27773,google,"c(-87.7587723, 41.9339244)",31,45,31045
4,POD Camera,5299 S Drexel,2006,36000,3264,census,"c(-87.60391047, 41.7994674450001)",4,13,04013
16,Bollard Menu,5300 S DAMEN AVE,2022,1668.935,14658,census,"c(-87.6744080349999, 41.7975133900001)",16,7,16007
23,Street Resurfacing Menu,5300 S NAGLE AVE,2022,23240.61,20606,census,"c(-87.7831414189999, 41.795882465)",23,3,23003
29,Miscellaneous CDOT Projects,5300 W VAN BUREN ST,2022,125,25563,census,"c(-87.757814981, 41.874821088)",29,38,29038
23,Alley Speed Hump Menu,5301 S HARDING AVE,2021,466.666666666667,20486,census,"c(-87.722024246, 41.796728989)",23,29,23029
3,Miscellaneous CDOT Projects,5314 S INDIANA AVE,2021,150,3116,census,"c(-87.6209317289999, 41.797872312)",3,8,03008
30,Curb & Gutter Menu,5318 W MELROSE ST,2022,2293.26444444444,26748,census,"c(-87.7597469849999, 41.939581821)",38,6,38006
30,Curb & Gutter Menu,5319 W MELROSE ST,2022,2293.26444444444,26748,census,"c(-87.7597467149999, 41.9395708590001)",38,6,38006
30,Curb & Gutter Menu,5323 W MELROSE ST,2022,2293.26444444444,26748,census,"c(-87.759830784, 41.9395697100001)",38,6,38006
30,Curb & Gutter Menu,5328 W MELROSE ST,2022,2293.26444444444,26748,census,"c(-87.759957159, 41.9395789500001)",38,6,38006
40,Street Light Upgrade Menu,5334 N CALIFORNIA AVE,2021,331.12,35417,census,"c(-87.699020705, 41.9786812030001)",40,34,40034
29,Miscellaneous CDOT Projects,5339 W MONROE ST,2022,125,25563,census,"c(-87.758649447, 41.879327673)",29,1,29001
30,Curb & Gutter Menu,5340 W,2022,2293.26444444444,26748,google,"c(-87.7597293, 41.8951563)",37,18,37018
23,Alley Speed Hump Menu,5344 S MILLARD AVE,2021,350,20487,census,"c(-87.714672175, 41.79637775)",23,9,23009
23,Viaduct Improvement Menu,5346 S CICERO AVE,2021,21183.24,20545,census,"c(-87.742897386, 41.794972214)",23,8,23008
30,Curb & Gutter Menu,5347 W MELROSE ST,2022,2293.26444444444,26748,census,"c(-87.760335201, 41.9395628190001)",38,6,38006
30,Curb & Gutter Menu,5353 W MELROSE ST,2022,2293.26444444444,26748,census,"c(-87.760461305, 41.939561096)",38,6,38006
30,Curb & Gutter Menu,5355 W MELROSE ST,2022,2293.26444444444,26748,census,"c(-87.76050334, 41.9395605220001)",38,6,38006
23,Alley Apron Menu,5358 S HAMLIN AVE,2021,7512,20480,census,"c(-87.718324373, 41.795452536)",23,29,23029
39,Miscellaneous CDOT Projects,5363 W DEVON AVE,2021,8333.33333333333,34622,census,"c(-87.7628742699999, 41.9973217080001)",45,5,45005
39,Street Resurfacing Menu,5400 N LAPORTE AVE,2021,11898.905,34641,census,"c(-87.752043536, 41.9806057830001)",45,36,45036
29,Alley Resurfacing Menu,5400 W QUINCY ST,2021,35012.575,25454,census,"c(-87.759674467, 41.8775153390001)",29,1,29001
39,Miscellaneous CDOT Projects,5405 W DEVON AVE,2021,8333.33333333333,34622,census,"c(-87.7639498089999, 41.9973257280001)",41,14,41014
31,Street Light Upgrade Menu,5418 W SCHUBERT AVE,2022,500,27784,census,"c(-87.76184208, 41.9295160130001)",30,14,30014
45,Chicago Park District,5421 N. Menard,2006,100000,39035,census,"c(-87.773231939, 41.9798793790001)",45,32,45032
31,Street Light Upgrade Menu,5428 W SCHUBERT AVE,2022,500,27784,census,"c(-87.762052621, 41.9295131370001)",30,14,30014
23,Street Light Upgrade Menu,5430 S NOTTINGHAM AVE,2022,500,20600,census,"c(-87.7990414129999, 41.7934660400001)",23,27,23027
31,Street Light Upgrade Menu,5435 W SCHUBERT AVE,2022,500,27784,census,"c(-87.762178675, 41.929500449)",30,14,30014
13,Sidewalk Menu,5442 W 63RD PL,2021,2627.82,11436,census,"c(-87.7582451819999, 41.7772293150001)",13,43,13043
37,Alley Resurfacing Menu,5445 W NORTH AVE,2022,14769.55,33069,census,"c(-87.76302481, 41.9094052350001)",37,6,37006
31,Street Light Upgrade Menu,5456 WSCHUBERT AVE,2022,500,27784,google,"c(-87.7635577, 41.9297604)",30,14,30014
6,Sidewalk Menu,55 W 77TH PL,2022,12003.495,5042,census,"c(-87.626611028, 41.75364533)",6,19,06019
30,Curb & Gutter Menu,5515 W PARKER AVE,2022,3452.64,26749,census,"c(-87.7642460499999, 41.9303865540001)",30,14,30014
29,Miscellaneous CDOT Projects,5517 W WEST END AVE,2022,125,25563,census,"c(-87.763624109, 41.8842471230001)",29,21,29021
30,Curb & Gutter Menu,5518 W PARKER AVE,2022,3452.64,26749,census,"c(-87.7643305299999, 41.93039637)",30,14,30014
13,Sidewalk Menu,5521 S KOLMAR AVE,2021,741.433333333333,11438,census,"c(-87.736606383, 41.7922910290001)",13,7,13007
31,Street Light Upgrade Menu,5521 W DRUMMOND PL,2022,500,27786,census,"c(-87.764513844, 41.928558454)",30,14,30014
37,Alley Resurfacing Menu,5527 W CRYSTAL ST,2022,15498.985,33065,census,"c(-87.764784119, 41.9030551620001)",37,5,37005
30,Curb & Gutter Menu,5529 W PARKER AVE,2022,3452.64,26749,census,"c(-87.7645407859999, 41.930382539)",30,14,30014
30,Curb & Gutter Menu,5536 W PARKER AVE,2022,3452.64,26749,census,"c(-87.764709476, 41.9303912070001)",30,14,30014
30,Curb & Gutter Menu,5537 W PARKER AVE,2022,3452.64,26749,census,"c(-87.764709207, 41.930380244)",30,14,30014
31,Street Light Upgrade Menu,5537 W SCHUBERT AVE,2022,500,27787,census,"c(-87.764677048, 41.9294677300001)",30,14,30014
31,Street Light Upgrade Menu,5539 W DRUMMOND PL,2022,500,27786,census,"c(-87.765121624, 41.9285509100001)",30,14,30014
29,Alley Resurfacing Menu,5548 W GLADYS AVE,2022,19183.98,25550,census,"c(-87.763148068, 41.8756572260001)",29,42,29042
31,Street Light Upgrade Menu,5555 W DRUMMONDPL,2022,500,27786,google,"c(-87.765889, 41.928284)",30,14,30014
36,Alley Resurfacing Menu,5600 W NEWPORTAVE,2022,17799.96,32210,google,"c(-87.7669187, 41.9432512)",38,17,38017
23,Alley Apron Menu,5601 S MASSASOIT AVE,2021,7630.175,20481,census,"c(-87.76587985, 41.790687162)",23,4,23004
13,Sidewalk Menu,5606 S KEELER AVE,2021,1487.98,11444,census,"c(-87.7280118529999, 41.7911226840001)",13,24,13024
36,Alley Resurfacing Menu,5615 W EDDY ST,2022,16987.515,32209,census,"c(-87.767694397, 41.944947407)",38,17,38017
13,Alley Resurfacing Menu,5623 S MEADE AVE,2022,12027.625,11545,census,"c(-87.7744030169999, 41.790161391)",23,19,23019
48,Alley Resurfacing Menu,5648 NMAGNOLIA AVE,2022,5542.83,42211,google,"c(-87.6615597, 41.985054)",48,1,48001
14,Alley Resurfacing Menu,5723 S WHIPPLE ST,2021,16885.315,12904,census,"c(-87.6997719079999, 41.7894573570001)",14,24,14024
36,Alley Resurfacing Menu,5800 W ROSCOEST,2022,14727.435,32214,google,"c(-87.7717118, 41.9424149)",38,13,38013
40,Concrete Alley Menu,5814 NHERMITAGE AVE,2021,70000,35400,google,"c(-87.6733534, 41.987189)",40,36,40036
23,Alley Speed Hump Menu,5817 S TRUMBULL AVE,2021,245.83,20488,census,"c(-87.70950556, 41.787674827)",14,4,14004
13,Sidewalk Menu,5825 S RUTHERFORD AVE,2022,6619.975,11569,census,"c(-87.790120381, 41.7861856170001)",23,11,23011
20,Miscellaneous CDOT Projects,5828 S DR MARTIN LUTHER KING JR DR,2022,150,17524,google,"c(-87.6161899, 41.7885087)",20,11,20011
40,POD Camera,5900 N California,2006,36000,34802,census,"c(-87.699347228, 41.9886888080001)",40,30,40030
29,Street Speed Hump Menu,5900 W IOWAST,2021,2350,25527,google,"c(-87.7725921, 41.8968484)",29,48,29048
29,Miscellaneous CDOT Projects,5930 WCHICAGO AVE,2022,125,25563,google,"c(-87.773667, 41.895014)",29,45,29045
40,Emerson; Green Briar; Gross; Mather Park - Basketball Court Upgrades; Green Briar; River Park - Pickleball Striping,5941 N RICHMOND ST,2022,40000,35451,census,"c(-87.703022076, 41.9901387570001)",40,30,40030
4,3 LPR No POD Cameras: 101 W Ida B Wells; 110 E Roosevelt Rd; 600 S State St,600 S STATE ST,2021,27410,3763,census,"c(-87.627673091, 41.8745384710001)",2,35,02035
13,POD Camera,6000 S Keeler,2007,12000,10586,census,"c(-87.727799628, 41.783925718)",13,16,13016
40,Concrete Alley Menu,6001 N PAULINA ST,2021,8919.27,35401,census,"c(-87.671769325, 41.99080573)",40,27,40027
40,Concrete Alley Menu,6001 N PAULINA ST,2022,56080.73,35446,census,"c(-87.671769325, 41.99080573)",40,27,40027
13,Street Light Upgrade Menu,6058 S MASON AVE,2022,500,11601,census,"c(-87.770447008, 41.782315759)",13,8,13008
50,Street Light Upgrade Menu,6090 N ALBANY AVE,2021,500,43519,census,"c(-87.706766612, 41.9927540260001)",50,23,50023
16,Street Resurfacing Menu,6100 S PEORIA ST,2022,16644.87,14669,census,"c(-87.647312815, 41.7832865880001)",16,27,16027
44,Alley Resurfacing Menu,611 W SURF ST,2021,4736.0575,38846,census,"c(-87.644679294, 41.9348648320001)",44,45,44045
50,Alley Speed Hump Menu,6111 NMOZART ST,2022,350,43548,google,"c(-87.7003451, 41.9925602)",50,24,50024
23,Speed Indicator Signs,6115 S PULASKI RD,2021,14000,20519,census,"c(-87.7228484459999, 41.7821139060001)",13,18,13018
43,Concrete Alley Menu,613 W BELDEN AVE,2022,120969.665,38079,census,"c(-87.644449052, 41.9236918450001)",43,7,43007
27,Alley Resurfacing Menu,617 W EVERGREEN AVE,2022,10050.41,23949,census,"c(-87.6466430419999, 41.9063797970001)",27,6,27006
13,Sidewalk Menu,6200 S MULLIGAN AVE,2021,1319.535,11506,census,"c(-87.780111609, 41.7794232690001)",23,38,23038
50,Miscellaneous-CDOT,6201 Monticello,2005,8568,43067,google,"c(-87.7199017, 41.9938853)",50,44,50044
13,Street Light Upgrade Menu,6310 S LOREL AVE,2022,500,11600,census,"c(-87.755629964, 41.777494109)",13,43,13043
13,POD Camera,6340 Cicero,2007,24000,10584,google,"c(-87.7483347, 41.9968372)",39,15,39015
27,Sidewalk Menu,639 N HOMAN AVE,2022,24175.9433333333,23963,census,"c(-87.711339697, 41.8926016020001)",27,44,27044
49,Alley Resurfacing Menu,6412 N MAGNOLIAAVE,2021,30744.64,42956,census,"c(-87.7862662219999, 41.9091403640001)",36,24,36024
20,Miscellaneous CDOT Projects,6555 S INGLESIDE AVE,2022,75,17525,census,"c(-87.6021665439999, 41.775831827)",20,29,20029
49,Alley Resurfacing Menu,6600 NLAKEWOOD AVE,2022,10181.155,43019,google,"c(-87.663018, 42.0025243)",40,13,40013
5,Miscellaneous CDOT Projects,6602 SDREXEL AVE,2022,187.5,4478,google,"c(-87.603726, 41.774834)",5,16,05016
50,Curb & Gutter Menu,6757 N RICHMOND ST,2021,731.6,43510,census,"c(-87.7034010679999, 42.004343664)",50,40,50040
23,Diagonal Parking Menu,6758 W ARCHER AVE,2022,20000,20572,census,"c(-87.790934797, 41.7921742930001)",23,47,23047
20,Guardrail Menu,6858 DR. MARTIN LUTHER KING JR. DR,2008,1011,17002,google,"c(-87.6155925, 41.7695075)",20,28,20028
29,Sidewalk Menu,6928 W PALMER ST,2021,10624.77,25494,census,"c(-87.799316542, 41.919920602)",36,2,36002
29,Sidewalk Menu,6928 W PALMER ST,2022,17875.065,25574,census,"c(-87.799316542, 41.919920602)",36,2,36002
36,Sidewalk Menu,6928 W PALMER ST,2021,28499.835,32183,census,"c(-87.799316542, 41.919920602)",36,2,36002
38,Speed Indicator Signs,6949 W IRVING PARK RD,2022,9333.33333333333,33942,census,"c(-87.800644715, 41.952742834)",38,38,38038
5,6 POD Cameras; 6 LPR on Existing Cameras: Various Locations,7000 S EAST END AVE,2021,35747,4449,census,"c(-87.5828320379999, 41.7677834880001)",5,21,05021
38,Speed Indicator Signs,7015 W IRVING PARK RD,2022,9333.33333333333,33942,census,"c(-87.8017203219999, 41.9527451770001)",38,38,38038
5,6 POD Cameras; 6 LPR on Existing Cameras: Various Locations,7100 S DORCHESTER AVE,2021,35747,4449,census,"c(-87.590973929, 41.7650735290001)",5,2,05002
29,Alley Resurfacing Menu,7117 W BELMONTAVE,2021,12369.685,25455,google,"c(-87.804725, 41.937847)",36,20,36020
5,Miscellaneous CDOT Projects,7138 S INGLESIDE AVE,2022,187.5,4478,census,"c(-87.601881443, 41.7647845990001)",5,2,05002
7,Miscellaneous CDOT Projects,7139 S RIDGELAND AVE,2021,18225.135,5720,census,"c(-87.582404986, 41.7649329720001)",5,36,05036
6,Alley Apron Menu,7203 S STLAWRENCE AVE,2021,12013.88,4992,census,"c(-87.6103729869999, 41.7637955260001)",6,30,06030
11,Alley Resurfacing Menu,724 W 48TH PL,2021,39242.93,9260,census,"c(-87.643960239, 41.806164057)",11,28,11028
49,Miscellaneous-CDOT,7300 N Oakley Ave,2006,18500,42295,census,"c(-87.6875405549999, 42.0141353560001)",49,21,49021
11,Alley Resurfacing Menu,745 W 48TH PL,2022,34091.105,9319,census,"c(-87.644180389, 41.8061489610001)",11,28,11028
49,POD Camera,7500 N Hoyne,2006,36000,42317,census,"c(-87.6829947969999, 42.017982176)",49,24,49024
6,Alley Apron Menu,7513 S LANGLEY AVE,2022,12060.605,5032,census,"c(-87.607812259, 41.7578732150001)",6,38,06038
8,Alley Speed Hump Menu,7514 S CREGIER AVE,2021,700,6521,census,"c(-87.581024828, 41.758092355)",8,20,08020
6,Sidewalk Menu,7515 S RHODES AVE,2022,2849.26,5048,census,"c(-87.611442612, 41.757783825)",6,43,06043
6,Bollard Menu,7600 DR. MARTIN LUTHER KING JR. DR,2007,714,4606,census,"c(-87.6150835779999, 41.756438727)",6,45,06045
6,Bollard Menu,7757 DR. MARTIN LUTHER KING JR. DR,2006,714,4554,google,"c(-87.6147417, 41.7532088)",6,35,06035
13,POD Camera,7825 S Kostner,2007,12000,10586,census,"c(-87.73167469, 41.7509650910001)",13,42,13042
8,Miscellaneous CDOT Projects,7841 S STONY ISLAND AVE E,2022,75,6582,google,"c(-87.585217, 41.752077)",8,13,08013
13,Miscellaneous-Other,8 th Dist Police Station,2005,1178,10419,google,"c(-87.6506526, 41.8645034)",25,3,25003
13,Miscellaneous-Other,8 th Dist Police Station,2006,1777,10494,google,"c(-87.6506526, 41.8645034)",25,3,25003
13,POD Camera,8100 S Kostner,2005,24000,10420,census,"c(-87.731511687, 41.745578358)",13,10,13010
18,Sidewalk Menu,8112 S RICHMOND ST,2021,2183.45666666667,16154,census,"c(-87.6961807179999, 41.745579541)",18,22,18022
4,Street Light Upgrade Menu,813 E 47TH PL,2021,500,3793,census,"c(-87.6058450529999, 41.8086293850001)",4,26,04026
18,Sidewalk Menu,8155 S FAIRFIELD AVE,2022,1731.65,16208,census,"c(-87.6912754419999, 41.7453410140001)",18,4,18004
18,Sidewalk Menu,8156 S RICHMOND ST,2021,2183.45666666667,16154,census,"c(-87.6961621459999, 41.744910954)",18,22,18022
21,Street Speed Hump Menu,8229 SWENTWORTH AVE,2021,2350,18440,google,"c(-87.6289145, 41.7444956)",21,65,21065
6,Alley Speed Hump Menu,846 W 69TH ST,2021,700,4994,census,"c(-87.644793019, 41.7688417620001)",6,15,06015
2,Street Resurfacing Menu,850 N DEWITT PL,2021,52357.98,2427,census,"c(-87.620201282, 41.898371538)",42,62,42062
1,Alley Resurfacing Menu,850 N OAKLEY BLVD,2021,32906.95,948,census,"c(-87.684437278, 41.8971195180001)",32,6,32006
6,Alley Apron Menu,8645 S PRAIRIE AVE,2021,33966.46,4991,census,"c(-87.617782255, 41.737655085)",6,58,06058
7,Street Light Upgrade Menu,8800 S SOUTH CHICAGO AVE,2022,500,5789,census,"c(-87.563534093, 41.735636449)",7,1,07001
21,Curb & Gutter Menu,8840 S EMERALD AVE,2022,799.805,18463,census,"c(-87.6423352159999, 41.73357571)",21,11,21011
2,Miscellaneous-CDOT,9 th Street Median improvements,2005,150000,1033,google,"c(-87.6312867, 41.8707554)",2,1,02001
48,Alley Resurfacing Menu,916 W CARMEN AVE,2021,19832.84,42164,census,"c(-87.653046945, 41.9743345750001)",48,4,48004
21,Sidewalk Menu,9221 S BISHOP ST,2021,9685.535,18413,census,"c(-87.6591397459999, 41.7262777450001)",21,14,21014
25,Alley Resurfacing Menu,927 S CARPENTER ST,2021,20074.81,22223,census,"c(-87.65320475, 41.869926509)",25,25,25025
4,Alley Resurfacing Menu,936 E 47TH ST,2021,11377.22,3766,census,"c(-87.602322379, 41.8095878330001)",4,16,04016
10,Sidewalk Menu,9413 S COMMERCIAL AVE,2021,77222.18,8441,census,"c(-87.551107669, 41.724226194)",10,7,10007
44,Alley Resurfacing Menu,946 WDIVERSEY PKWY,2021,15021.36,38855,google,"c(-87.6533384, 41.9327425)",44,29,44029
21,Street Speed Hump Menu,9656 S UNION AVE,2021,1175,18441,census,"c(-87.640716851, 41.7186599390001)",21,27,21027
26,Chicago Park District,Augusta Pool,2006,20000,22432,google,"c(-87.7158208, 41.8991199)",27,29,27029
26,Miscellaneous-Other,Bloomingdale Trail,2008,15000,22479,google,"c(-87.7201679, 41.9136553)",26,11,26011
48,Miscellaneous-CDOT,Broadway Avenue Study,2009,50000,41602,google,"c(-87.6496156, 41.9512089)",46,5,46005
26,Schools,Casals School - 3501 W. Potomac Ave.,2011,20000,22646,google,"c(-87.7140646, 41.9043934)",26,2,26002
44,Miscellaneous-Other,Center on Halsted,2006,350000,38153,google,"c(-87.6497045, 41.9489773)",44,28,44028
32,Miscellaneous-CDOT,Chicago Ave. at Hoyne Ave. (crosswalk),2008,875,28005,google,"c(-87.6794905, 41.8958689)",32,17,32017
46,Chicago Park District,Clarendon Dog Friendly Area,2009,75000,39881,google,"c(-87.6477697, 41.9639632)",46,33,46033
42,Miscellaneous-CDOT,Clinton - Fulton River District,2005,1485,36236,google,"c(-87.6413589, 41.8880379)",42,18,42018
10,Miscellaneous-CDOT,Commercial 8926-27-30-32,2007,8886,7718,google,"c(-87.8458142, 41.8368422)",NA,NA,NA
43,Miscellaneous-Other,"CTA Fullerton Stop- Healy Stone Project. Menu 2003 ,2004 ,2005 ,",2005,6646,37163,google,"c(-87.6527796, 41.9251983)",43,21,43021
43,Miscellaneous-Other,CTA Fullerton Stop-healy Stone Project. Menu,2009,354,37403,google,"c(-87.6527796, 41.9251983)",43,21,43021
41,Miscellaneous-CDOT,Devon at Normandy,2007,600,35600,google,"c(-87.79393, 41.9973092)",41,22,41022
26,Miscellaneous-CDOT,Division Gateway Flag Painting,2006,20000,22394,google,"c(-87.6441581, 41.7614607)",17,35,17035
26,Miscellaneous-CDOT,Division Street Gateway,2010,424,22541,google,"c(-87.8353758, 41.9009303)",NA,NA,NA
26,Miscellaneous-CDOT,Division Street Gateways,2011,40771,22615,google,"c(-87.8353758, 41.9009303)",NA,NA,NA
26,Miscellaneous-CDOT,Division Street Gateways,2011,826,22616,google,"c(-87.8353758, 41.9009303)",NA,NA,NA
26,Miscellaneous Other,Division Street Gateways,2012,45711,22658,google,"c(-87.8353758, 41.9009303)",NA,NA,NA
4,Chicago Park District,Dyett Green Youth Farm Fence,2010,59020,3374,google,"c(-87.6122545, 41.8011311)",4,3,04003
27,Chicago Park District,Eckhart Park- playground - 1330 W. Chicago Ave.,2011,175000,23561,google,"c(-87.6612032, 41.8972278)",27,32,27032
48,Miscellaneous-Other,Edgewater Branch Library,2010,1000000,41639,google,"c(-87.668802, 41.9862871)",48,37,48037
16,Miscellaneous Other,Flower baskets- 63 rd St.,2012,47200,14254,google,"c(-87.6059255, 41.7803989)",20,5,20005
26,Schools,Funston School - 2010 N. Central Park Ave.,2011,20000,22644,google,"c(-87.7171524, 41.9178435)",26,24,26024
49,Miscellaneous-Other,Gale Community Center,2006,400000,42316,google,"c(-87.6712414, 42.0207515)",49,34,49034
9,Schools,Gately Stadium - scoreboard,2011,5000,6985,google,"c(-87.6026376, 41.7085091)",8,32,08032
8,Schools,Gately Stadium Scoreboard,2011,5000,6170,google,"c(-87.6026376, 41.7085091)",8,32,08032
24,New Alley Construction,"Gladys, Van Buren, Dead End, Kilpatrick",2010,1507,20843,google,"c(-87.7397502, 41.7748629)",13,36,13036
24,Concrete Alley Menu,Gladys,2012,148082,20897,google,"c(-87.5940458, 41.7365439)",8,1,08001
39,Chicago Park District,Gompers Park - Pulaski Ave.,2009,30000,34196,google,"c(-87.7367788, 41.9761424)",39,38,39038
9,Schools,Gwendolyn Brooks School - 250 E. 111 th St.,2009,200000,6926,google,"c(-87.6158523, 41.6940833)",9,43,09043
9,Schools,Gwendolyn Brooks,2010,474000,6957,google,"c(-87.5998136, 41.8117997)",4,15,04015
4,Miscellaneous-CDOT,Harper Ave. Construction,2011,200000,3385,google,"c(-87.587331, 41.7585469)",5,38,05038
4,Miscellaneous Other,Harper Ave.,2012,200000,3415,google,"c(-87.587331, 41.7585469)",5,38,05038
26,Miscellaneous-CDOT,Humboldt Dr. through Humboldt Park,2008,20000,22453,google,"c(-87.7022585, 41.9011913)",26,27,26027
43,Pole Painting,INNER LAKESHORE-DIVISION(1200 N) to NORTH AVE (1600 N),2006,11200,37193,google,"c(-87.8540754, 41.9070715)",NA,NA,NA
49,CTA,Jarvis CTA Station; Morse CTA Station; Loyola CTA Station,2010,59246,42470,google,"c(-87.6610257, 42.0011639)",49,7,49007
26,Miscellaneous-Other,La Crucifixion De Don Pedro Albizu Mural -2423 W. North Ave.,2008,25000,22480,google,"c(-87.6881975, 41.9100593)",1,32,01032
44,Chicago Park District,Lakse Shore Dr. Diversey-Briar,2009,9000,38244,google,"c(-87.6362215, 41.9328545)",44,7,44007
47,Miscellaneous-Other,Lane Tech,2006,25000,40413,google,"c(-87.6906541, 41.945166)",47,48,47048
42,Miscellaneous-CDOT,LaSalle Plaza 335,2011,5121,36601,google,"c(-87.6317057, 41.8773072)",2,49,02049
42,Miscellaneous Other,LaSalle Plaza 335,2012,979,36635,google,"c(-87.6317057, 41.8773072)",2,49,02049
42,Miscellaneous Other,LaSalle Plaza 335,2013,6100,36697,google,"c(-87.6317057, 41.8773072)",2,49,02049
43,Miscellaneous-CDOT,Lincoln Park West @ Dickens (Additional Work),2008,30000,37287,google,"c(-87.6361546, 41.9201749)",43,32,43032
26,Schools,Lowell School - 3320 W. Hirsch St.,2011,20000,22642,google,"c(-87.7105648, 41.9066526)",26,36,26036
42,Miscellaneous-CDOT,LSD on north side of Cedar Street,2008,400,36461,google,"c(-87.6558099, 41.9691927)",46,4,46004
42,Street Lighting,MADISON-WACKER TO CANAL,2006,1600,36370,google,"c(-87.637444, 41.881969)",42,9,42009
1,Miscellaneous-CDOT,Maplewood Ave. at Diversey,2008,40000,259,google,"c(-87.6915586, 41.9321363)",1,39,01039
11,Miscellaneous-CDOT,Mary Street - fence,2007,17500,8633,google,"c(-87.6529314, 41.845739)",11,1,11001
1,Miscellaneous-CDOT,Mautene Court Plaza Improvement,2008,35000,260,google,"c(-87.8072975, 41.7045826)",NA,NA,NA
44,Curb & Gutter Menu,Melrose - Broadway to Lake Shore Dr,2012,3515,38349,google,"c(-87.5905131, 41.8127955)",4,10,04010
30,Curb & Gutter Menu,MELROSE ST 5531 W PARKER AVE,2022,3452.64,26749,google,"c(-87.7650887, 41.9301642)",30,14,30014
42,Miscellaneous-Other,Michigan Ave. Planter maintenance,2008,77000,36509,google,"c(-87.62302, 41.8167082)",3,24,03024
49,Miscellaneous-CDOT,Morse Ave. Design,2007,65000,42338,google,"c(-87.681885, 42.0073132)",50,35,50035
49,O Alley Apron Menu  R,N & N WOLCOTT AVE FROM & W CHASE AVE (7300 N) TO & N OGERS AVE (7340 N),2019,21289.73,42886,google,"c(-87.6780744, 42.0151063)",49,19,49019
49,O Street Resurfacing Menu  A,N & W JARVIS AVE FROM & N BELL AVE (2200 W) TO & N OAKLEY VE (2300 W),2019,34239.48,42929,google,"c(-87.6861079, 42.0056723)",50,37,50037
49,O Street Resurfacing Menu  W,N & W PRATT BLVD FROM 1051 W TO & N SHERIDAN RD (1200 ),2019,76768.71,42930,google,"c(-87.6550313, 41.9781272)",48,14,48014
49,O Sidewalk Menu  W,N & W SHERWIN AVE FROM 1200 W TO & N SHERIDAN RD (1300 ),2019,36487.23,42909,google,"c(-87.6550313, 41.9781272)",48,14,48014
49,O Sidewalk Menu  W,N & W SHERWIN AVE FROM 1200 W TO & N SHERIDAN RD (1300 ),2019,2343.46,42920,google,"c(-87.6550313, 41.9781272)",48,14,48014
48,Alley Apron Menu,N Broadway & W Ardmore Ave,2011,12462,41652,census,"c(-87.660178577, 41.9872734520001)",48,16,48016
48,POD Camera,N Broadway & W Thorndale Ave,2009,13000,41628,census,"c(-87.6602629939999, 41.9900029560001)",48,31,48031
47,Miscellaneous-CDOT,N Damen Ave & W Byron St,2008,800,40502,census,"c(-87.678702218, 41.9523325910001)",47,29,47029
39,Miscellaneous Other,N FOREST GLEN AVE & W ELSTON AVE,2013,3000,34319,census,"c(-87.754730347, 41.9770870580001)",45,41,45041
39,Sidewalk Menu - Change Order,N KRUGER AVEELSTON,2011,593,34256,google,"c(-87.7460333, 41.9697377)",39,11,39011
48,Miscellaneous-CDOT,N Lake Shore Dr & W Foster Ave,2008,11000,41559,google,"c(-87.636788, 41.9361968)",44,7,44007
47,Miscellaneous-CDOT,N Lawrence Ave & N Campbell Ave,2009,800,40571,google,"c(-87.6913291, 41.9685905)",47,40,47040
47,Miscellaneous-CDOT,N Lincoln Ave & W Cullom Ave,2008,900,40500,census,"c(-87.68255729, 41.959576428)",47,28,47028
48,Miscellaneous-CDOT,N Marine Dr & W Foster Ave,2007,1800,41503,census,"c(-87.652150862, 41.9764438760001)",48,14,48014
48,POD Camera,N Sheridan Rd & W Thorndale Ave,2010,20000,41642,google,"c(-87.6553766, 41.9900978)",48,8,48008
42,In-Road State Law Stop for Pedestrians S,N STATE STDEAD END,2011,410,36598,google,"c(-87.6279105, 41.8851153)",42,9,42009
32,Chicago Park District,North Racine,2007,150000,27980,google,"c(-87.6584241, 41.9249067)",32,49,32049
42,Miscellaneous-CDOT,Ohio Place Dog Park,2006,11701,36303,google,"c(-87.6384183, 41.8923078)",42,59,42059
28,Street Light Residential Staggered Piggy Back Menu,ON & N KILDARE AVE FROM W,2021,41570.75,24773,google,"c(-87.7345638, 41.938994)",31,33,31033
26,Miscellaneous - Paseo Boriqua Medalli,Paseo Boricua Medallions,2006,20000,22391,google,"c(-87.694751, 41.9031849)",26,31,26031
26,Miscellaneous-CDOT,Paseo Boriqua Medallion,2006,45000,22393,google,"c(-87.694751, 41.9031849)",26,31,26031
26,Schools,Pedro Albizu - 2658 W. Haddon,2005,48433,22368,google,"c(-87.6942191, 41.9022176)",26,35,26035
26,Schools,Pedro Albizu -2658 W. Haddon,2007,37323,22447,google,"c(-87.6942191, 41.9022176)",26,35,26035
26,Schools,Pedro Albizu H.S. parking lot -2658 W. Haddon,2008,6244,22482,google,"c(-87.6942191, 41.9022176)",26,35,26035
25,Miscellaneous-CDOT,Permanent Street Cleaning Signs,2007,101002,21492,google,"c(-87.8140025, 41.7679382)",NA,NA,NA
25,Miscellaneous-Other,Pilsen Community,2006,6524,21471,google,"c(-87.659894, 41.857639)",25,24,25024
2,Miscellaneous-CDOT,Plymouth Pedestrian Tunnel,2006,1377,1059,google,"c(-87.6285815, 41.8676101)",2,11,02011
49,Miscellaneous-Other,Rogers Park Train Station,2010,78900,42472,google,"c(-87.6753999, 42.0091098)",49,3,49003
39,Miscellaneous Other,Saugnash Mural,2013,10000,34316,google,"c(-87.7425332, 41.9899768)",39,3,39003
48,Schools,Senn Academy,2006,25000,41493,google,"c(-87.6667743, 41.9890128)",48,42,48042
48,Miscellaneous-CDOT,South Edgewater Study,2009,60000,41603,google,"c(-87.6595004, 41.9722542)",48,35,48035
5,Chicago Park District,South Shore Cultural Center,2009,50370,4117,google,"c(-87.5636858, 41.7684565)",5,44,05044
5,Chicago Park District,South Shore Cultural Center,2009,42000,4118,google,"c(-87.5636858, 41.7684565)",5,44,05044
11,Miscellaneous-CDOT,Stockyard Truckers,2007,612,8632,google,"c(-87.6453965, 41.8199706)",11,35,11035
32,Chicago Park District,Supera,2007,98750,27979,google,"c(-87.6482409, 41.9184146)",43,11,43011
2,Miscellaneous Other,Temporary Parking signs in WEst Loop,2012,10000,1941,google,"c(-87.6627342, 41.8854407)",27,33,27033
50,Chicago Park District,Thillens Stadium,2009,250000,43152,google,"c(-87.7257084, 41.9579921)",39,28,39028
48,Miscellaneous-CDOT,Thorndale CTA Station,2010,31500,41634,google,"c(-87.6590417, 41.9901278)",48,31,48031
24,Miscellaneous Other,Tree installation - 4043 W. Harrison St.,2012,539,20934,google,"c(-87.72717, 41.8731002)",24,19,24019
19,Miscellaneous Other,Tree planting -2037 W. 108 th Pl,2012,515,16563,google,"c(-87.6730612, 41.6965365)",19,42,19042
16,Miscellaneous-CDOT,Various locations- Decorative Waste Receptacles,2011,42716,14196,google,"c(-87.7567583, 41.932642)",31,45,31045
11,Street Traffic Circle Menu,W 30TH,2021,15746.2857142857,9311,google,"c(-87.7201238, 41.8387904)",22,3,22003
49,Miscellaneous Other,W Estes Ave & N Glenwood Ave,2013,3228,42570,census,"c(-87.665866717, 42.011565632)",49,27,49027
39,Sidewalk Menu - Change Order,W FOSTER AVEKOSTNER,2011,1669,34257,google,"c(-87.7381101, 41.9754424)",39,11,39011
45,Alley Resurfacing Menu,W GOODMAN ST,2019,5412.52333333333,39630,google,"c(-87.7686033, 41.97171)",45,53,45053
49,Miscellaneous Other,W Lunt Ave & N Glenwood Ave,2013,3228,42569,google,"c(-87.6662054, 42.0091121)",49,31,49031
49,Miscellaneous Other,W Touhy Ave & Main st,2013,3228,42575,google,"c(-87.8017797, 42.0117916)",NA,NA,NA
40,Viaduct Improvement Menu,W,2022,5516.764,35472,google,"c(-87.6153661, 41.8939186)",42,64,42064
48,3 LPR Existing POD; 3 LPR w.o Existing POD; 1 POD Camera: Various Locations,W,2021,19988.4285714286,42158,google,"c(-87.6153661, 41.8939186)",42,64,42064
21,Sidewalk Menu - Change Order,W. 101 st Pl. Elizabeth Vincennes,2007,1486,17652,google,"c(-87.6537646, 41.7090312)",21,20,21020
1,Miscellaneous-Other,West Town Branch Library,2010,500000,371,google,"c(-87.6721671, 41.8935946)",1,33,01033
46,Miscellaneous-Other,Wilson Yard Development,2005,63962,39772,google,"c(-87.6559213, 41.9619841)",46,32,46032
46,Miscellaneous-Other,Wilson Yard Development,2006,120432,39796,google,"c(-87.6559213, 41.9619841)",46,32,46032
46,Miscellaneous-Other,Wilson Yard Development,2007,6009,39818,google,"c(-87.6559213, 41.9619841)",46,32,46032
46,Miscellaneous-Other,Wilson Yard Development,2008,500117,39841,google,"c(-87.6559213, 41.9619841)",46,32,46032
46,Miscellaneous-Other,Wilson Yard Development,2009,59480,39882,google,"c(-87.6559213, 41.9619841)",46,32,46032
